material_id,formula,nelements,elements,elements_clean,crystal_system,band_gap,is_gap_direct,n,e_total,e_electronic,bulk_modulus_vrh,shear_modulus_vrh,energy_above_hull,formation_energy_per_atom,density,is_stable,is_magnetic,total_magnetization,weighted_work_function,theoretical,contains_toxic,contains_scarce,band_gap_score_sq,band_gap_score_si,stability_score,dielectric_score,mechanical_score,magnetic_score,direct_gap_bonus,semiconductor_score
mp-4763,ZnSiP2,3,['P' 'Si' 'Zn'],"P,Si,Zn",Tetragonal,1.3641,True,3.244916413407285,12.41888436999372,10.529482530000003,84.953,54.178,0.0,-0.39165684148809604,3.418565574455873,True,False,0.0,,False,False,False,0.9981866149231168,0.7181859772588667,1.0,0.9999770288392673,0.7543960325132054,1.0,0.1,1.0327107078968198
mp-1016197,MgSiAs2,3,['As' 'Mg' 'Si'],"As,Mg,Si",Tetragonal,1.303199999999999,True,3.189110265680173,12.39872379000001,10.170424286666664,57.986,28.695,0.0,-0.297332561249999,3.590920896404339,True,False,0.0,,False,False,False,0.9957769422929577,0.8298943388472038,1.0,0.9967098158948182,0.4866159711604422,1.0,0.1,1.021596455900587
mp-1078908,Ca2CdP2,3,['Ca' 'Cd' 'P'],"Ca,Cd,P",Orthorhombic,1.2927,True,3.055397555692767,18.318321033333334,9.335454223333334,,,0.0,-0.8925133748571411,3.544535939395362,True,False,0.0,,False,False,False,0.993032852644596,0.8473037283164417,1.0,0.96689795047401,0.5,1.0,0.1,1.0203884649797168
mp-1205337,Ca3(AlP2)2,3,['Al' 'Ca' 'P'],"Al,Ca,P",Monoclinic,1.248199999999999,True,2.945895330795037,18.85129137,8.678299299999999,,,0.0,-1.176275938544974,2.467476688095708,True,False,0.0,,False,False,False,0.9740086202689179,0.9127375588984002,1.0,0.9210839157114367,0.5,1.0,0.1,1.018575376258705
mp-1105549,BaHfS3,3,['Ba' 'Hf' 'S'],"Ba,Hf,S",Orthorhombic,1.252399999999999,True,2.925186827651639,58.18681615,8.556717976666667,,,0.0,-2.139777798999998,5.547751676715811,True,False,0.0,,False,False,False,0.9763047475148666,0.9072043459094575,1.0,0.9104821587130539,0.5,1.0,0.1,1.0167291625720933
mp-1189305,Sr3(AlAs2)2,3,['Al' 'As' 'Sr'],"Al,As,Sr",Monoclinic,1.1456,True,3.053276003464693,18.091156726666668,9.322494353333333,,,0.0,-1.154644779999999,4.2093865976078995,True,False,0.0,,False,False,False,0.88860896466884,0.9963657311103974,1.0,0.9661846692387737,0.5,1.0,0.1,1.0165348012195856
mp-19913,Ba3(InP2)2,3,['Ba' 'In' 'P'],"Ba,In,P",Monoclinic,1.1092,True,3.11620567945485,21.836599606666663,9.710737836666667,,,0.0,-0.785818917433863,4.6027329881611525,True,False,0.0,,False,False,False,0.8466528725789252,0.9993522099066577,1.0,0.9842139968748101,0.5,1.0,0.1,1.0091981491619515
mp-29163,Ag2TeS3,3,['Ag' 'S' 'Te'],"Ag,S,Te",Monoclinic,1.2999,True,2.8878845573649,13.06676703666667,8.339877216666666,,,0.0,-0.078949780572917,5.146247485897094,True,False,0.0,,False,False,False,0.9949875730982791,0.8354372357468912,1.0,0.8899786003007326,0.5,1.0,0.1,1.0075592686817134
mp-13275,NaSrP,3,['Na' 'P' 'Sr'],"Na,P,Sr",Hexagonal,1.2357,True,2.804893800128625,18.46827177999928,7.86742923,,,0.0,-0.963640314880952,3.090204867365227,True,False,0.0,,False,False,False,0.9665760656575553,0.9283287161861241,1.0,0.8385288864646485,0.5,1.0,0.1,1.0066726568120048
mp-14206,K3Ag3As2,3,['Ag' 'As' 'K'],"Ag,As,K",Trigonal,1.2533,True,2.810603582269593,14.594461903194242,7.89949249666667,,,0.0,-0.350068366468748,4.425705732686266,True,False,0.0,,False,False,False,0.9767834677370404,0.9059999251495466,1.0,0.842301647880407,0.5,1.0,0.1,1.006441102888753
mp-2961,MgSiP2,3,['Mg' 'P' 'Si'],"Mg,P,Si",Tetragonal,1.3728,True,2.9358924770274992,11.598041706669477,8.619464636666669,72.206,34.75,0.0,-0.411262341071428,2.2814030052604393,True,False,0.0,,False,False,False,0.9966436451938474,0.7011429038747964,1.0,0.9160348026428794,0.6288206316719919,1.0,0.1,1.0046196304433124
mp-4666,CdSiP2,3,['Cd' 'P' 'Si'],"Cd,P,Si",Tetragonal,1.4257,True,3.289249344962059,13.51971566666972,10.819161253333334,74.415,39.677,0.0,-0.272582178988093,3.960434743397996,True,False,0.0,,False,False,False,0.9773098516122082,0.5950079572479298,1.0,0.9986315939404006,0.6510792423516344,1.0,0.1,0.9984813198164649
mp-27175,InOF,3,['F' 'In' 'O'],"F,In,O",Orthorhombic,1.330699999999999,True,,,,135.341,57.034,0.0,-2.375712292222223,6.544948070996765,True,False,1e-07,,False,False,False,0.9997297552726865,0.7814250370866086,1.0,0.5,0.9960458548291378,1.0,0.1,0.9917507798640766
mp-9843,Sr3(AlP2)2,3,['Al' 'P' 'Sr'],"Al,P,Sr",Monoclinic,1.3365,True,2.868023953293743,16.940428106666673,8.22556139666667,51.236,29.669,0.0,-1.163182541878307,3.259068581765055,True,False,0.0,,False,False,False,0.9999617194827177,0.7707421563691875,1.0,0.8783642080747736,0.422471030152478,1.0,0.1,0.9896034875525214
mp-1190,ZnSe,2,['Se' 'Zn'],"Se,Zn",Cubic,1.1663000000000001,True,2.705908309606958,10.714932109999985,7.321939779999988,56.491,27.288,0.0,-0.9515610311718761,5.274845268778988,True,False,0.0,,False,False,False,0.910021975146659,0.9881612471940318,1.0,0.7686320484891184,0.47213219368156295,1.0,0.1,0.9882377075072935
mp-14001,Ba4SiAs4,3,['As' 'Ba' 'Si'],"As,Ba,Si",Cubic,1.0362,True,3.153000144307006,21.3457425,9.941409910000003,,,0.0,-0.9948720494444391,4.795156075045837,True,False,0.0,,False,False,False,0.7494466648091772,0.9617376721695602,1.0,0.9916713463525934,0.5,1.0,0.1,0.9803730189806174
mp-28347,K3Al2As3,3,['Al' 'As' 'K'],"Al,As,K",Monoclinic,1.1862,True,2.589467997485197,12.75593833,6.70534451,,,0.0,-0.5576802861562501,2.931152546592913,True,False,0.0,,False,False,False,0.9287458744553815,0.9759471058251799,1.0,0.678531436884352,0.5,1.0,0.1,0.9803582500202752
mp-2176,ZnTe,2,['Te' 'Zn'],"Te,Zn",Cubic,1.073299999999999,True,3.002871076153622,11.975580520000014,9.01723470000001,42.833,22.571,0.0,-0.6841630333333321,5.616959252306423,True,False,0.0,,False,False,False,0.8006929159610328,0.9879570483042233,1.0,0.9471603756282265,0.3480915682008541,1.0,0.1,0.9752499994002111
mp-571195,ZnTe,2,['Te' 'Zn'],"Te,Zn",Trigonal,1.069,True,3.033265918664786,12.204421710001354,9.200702133333332,,,0.0036891283333320003,-0.680473905,5.424327600796479,False,False,0.001023099999999,,False,False,False,0.7949284844824451,0.9856539001953452,0.9288736399773914,0.9591053402981958,0.5,1.0,0.1,0.9726644171889902
mp-9666,K2NaGaP2,4,['Ga' 'K' 'Na' 'P'],"Ga,K,Na,P",Orthorhombic,1.307899999999999,True,2.569957001477921,13.13974034701159,6.6046789894453894,,,0.0,-0.44336723544416906,2.537849676287867,True,False,0.0,,False,False,False,0.9967851474905652,0.8218916360638874,1.0,0.6629377369439836,0.5,1.0,0.1,0.9719206928238219
mp-14091,AlAgSe2,3,['Ag' 'Al' 'Se'],"Ag,Al,Se",Tetragonal,1.135199999999999,True,2.654281432578944,9.700932379998548,7.045209923333334,52.422,18.993,0.0,-0.7432121020312501,4.941582476882665,True,False,0.0,,False,False,False,0.8771546169849802,0.9987172678495436,1.0,0.7294609571196627,0.433492232705881,1.0,0.1,0.971864611262214
mp-1101989,SrLiAs,3,['As' 'Li' 'Sr'],"As,Li,Sr",Orthorhombic,1.0323,True,2.989361027599934,19.761943229999996,8.936279353333333,,,0.0,-1.199801943055556,4.042408789528388,True,False,0.0,,False,False,False,0.743882057746248,0.958170646609911,1.0,0.9414024014795013,0.5,1.0,0.1,0.9709064716499738
mp-2412,LiP5,2,['Li' 'P'],"Li,P",Orthorhombic,1.3673,True,3.253667481986033,15.268706080000001,10.586352083333333,,,0.007694938690475,-0.239052472757935,2.336345668034438,False,False,0.0,,False,False,False,0.9976736788389129,0.7119392300812674,0.8573588037846374,0.9999880441389226,0.5,1.0,0.1,0.9705472117889161
mp-380,ZnSe,2,['Se' 'Zn'],"Se,Zn",Hexagonal,1.2004000000000001,True,2.679053952423709,10.399639229993161,7.177330079997098,56.264,27.422,0.004020032499999,-0.947540998671876,5.27537563285386,False,False,0.0,,False,False,False,0.9409168563457146,0.9647251855641463,0.9227465739020937,0.7484435787127561,0.4699454903940965,1.0,0.1,0.9698857212428972
mp-3917,Cd2GeO4,3,['Cd' 'Ge' 'O'],"Cd,Ge,O",Orthorhombic,1.0923,True,,,,99.731,33.82,0.0,-1.761721731071428,6.186916845450345,True,False,0.0,,False,False,False,0.8255253716139366,0.9957463502823827,1.0,0.5,0.8805120050304419,1.0,0.1,0.9687944959488856
mp-10577,Sr5NbN5,3,['N' 'Nb' 'Sr'],"N,Nb,Sr",Orthorhombic,1.2468,True,2.47744890428306,17.807999343333332,6.137753073333333,,,0.0,-1.0419662175,4.635683250236905,True,False,0.0017737,,False,False,False,0.97322060098646,0.9145496180882496,1.0,0.5882988724298707,0.5,1.0,0.1,0.9687324238243331
mp-5475,NaTaN2,3,['N' 'Na' 'Ta'],"N,Na,Ta",Trigonal,1.276499999999999,False,2.985629431125035,18.270443166655962,8.913983100000003,136.044,88.887,0.0,-1.139296941208332,8.088367141260694,True,False,0.0,,False,False,False,0.9874782761838514,0.8727832327197194,1.0,0.9397644291724494,0.9949392467581429,1.0,0.0,0.9682456430056025
mp-1080438,SrAgTeF,4,['Ag' 'F' 'Sr' 'Te'],"Ag,F,Sr,Te",Tetragonal,1.284699999999999,True,2.504315969148728,15.605032396666667,6.271598473333334,,,0.0,-2.160155414583333,6.034281461051804,True,False,0.0025533,,False,False,False,0.9904889872796147,0.8601052616130825,1.0,0.6100209779489452,0.5,1.0,0.1,0.9681411827542079
mp-23202,InI,2,['I' 'In'],"I,In",Orthorhombic,1.3412,True,2.90830753704002,43.32669413888518,8.45825273000379,13.331,7.457,0.0,-0.6524206583333321,5.312211809671205,True,False,0.0,,False,False,False,0.9999955000101249,0.7619836179939293,1.0,0.9014225958353561,0.15099512660825415,1.0,0.1,0.9646093197377493
mp-540771,BaZrS3,3,['Ba' 'S' 'Zr'],"Ba,S,Zr",Orthorhombic,0.9900000000000001,True,3.096349327299274,110.36956133666666,9.587379156666666,69.975,33.616,0.0,-2.107697715499998,4.262395303692848,True,False,0.0,,False,False,False,0.6819407511903482,0.9103839103891423,1.0,0.9792333011177682,0.6062779386190433,1.0,0.1,0.964555563385528
mp-8017,AlCuTe2,3,['Al' 'Cu' 'Te'],"Al,Cu,Te",Tetragonal,1.0186,True,3.1705263721764982,11.698825069973717,10.052237476666667,49.905,24.581,0.0,-0.42519420625000104,5.249753008760489,True,False,0.0,,False,False,False,0.7241142284059993,0.9444788359194437,1.0,0.9944014572296641,0.4102447880282756,1.0,0.1,0.9628850798766935
mp-17696,Ba2VN3,3,['Ba' 'N' 'V'],"Ba,N,V",Orthorhombic,1.3876,True,2.6916708658377972,21.496166623333334,7.24509205,,,0.0,-1.216871307916668,5.422509321080526,True,False,0.0,,False,False,False,0.992944507683016,0.6717748763616826,1.0,0.7579827905316422,0.5,1.0,0.1,0.9626997769547527
mp-14092,AlAgTe2,3,['Ag' 'Al' 'Te'],"Ag,Al,Te",Tetragonal,1.0469,True,2.971322437344467,10.953366963334181,8.828757026666667,42.2,16.77,0.0,-0.43926148875000204,5.285977139432593,True,False,0.0,,False,False,False,0.7645550248516392,0.9707496001948873,1.0,0.9332966615164704,0.34277801695333376,1.0,0.1,0.9610234971649467
mp-1479,BP,2,['B' 'P'],"B,P",Cubic,1.243499999999999,False,3.029083443882197,9.272071146925382,9.175346510001235,162.017,161.948,0.0,-0.48330429523809504,2.9813687825821953,True,False,0.0,,False,False,False,0.9713185688341496,0.9187559776208952,1.0,0.957546069966509,0.8672973701938436,1.0,0.0,0.9610046863660324
mp-31231,Sr5Mo2N7,3,['Mo' 'N' 'Sr'],"Mo,N,Sr",Triclinic,1.2258,True,2.400779846216641,15.645945036666667,5.76374387,,,0.0,-1.086088278214286,4.822175671442805,True,False,0.0,,False,False,False,0.9600641968858284,0.939707249535528,1.0,0.5267420449613475,0.5,1.0,0.1,0.9599834433959884
mp-557090,Bi2Au5F21,3,['Au' 'Bi' 'F'],"Au,Bi,F",Tetragonal,1.2285,True,,,,,,0.0,-1.7513867525,6.469429976858691,True,False,0.0353481,,False,False,False,0.9618942310928135,0.9366914103862597,1.0,0.5,0.5,1.0,0.1,0.9559772693311422
mp-1195835,Ga2SbTe4Cl7,4,['Cl' 'Ga' 'Sb' 'Te'],"Cl,Ga,Sb,Te",Monoclinic,1.230899999999999,True,,,,,,0.0,-1.158352289761904,3.554000429570283,True,False,0.0077354,,False,False,False,0.9634870023548487,0.9339552797786662,1.0,0.5,0.5,1.0,0.1,0.9559650425555121
mp-680333,Ge4Se9,2,['Ge' 'Se'],"Ge,Se",Orthorhombic,1.2221,True,,,,,,0.0,-0.564213325853364,4.069741392228336,True,False,0.0,,False,False,False,0.9574911687092761,0.943731681546736,1.0,0.5,0.5,1.0,0.1,0.9559325444093294
mp-3772,Cd(GaSe2)2,3,['Cd' 'Ga' 'Se'],"Cd,Ga,Se",Tetragonal,1.3487,True,2.728552617536753,11.058450076666816,7.444999386666666,31.353,18.984,0.0,-0.8853534391964281,5.163480131897585,True,False,0.0,,False,False,False,0.9997634967213107,0.7478326503214981,1.0,0.7852953088054155,0.25883621112457966,1.0,0.1,0.9557936891618226
mp-569282,LiCa10MgSb9,4,['Ca' 'Li' 'Mg' 'Sb'],"Ca,Li,Mg,Sb",Tetragonal,1.213099999999999,True,,,,,,0.0,-1.048838448015872,4.125624286067264,True,False,9.9e-06,,False,False,False,0.950921484103965,0.9529875981571082,1.0,0.5,0.5,1.0,0.1,0.9556785107495575
mp-542067,Rb4Ti3S14,3,['Rb' 'S' 'Ti'],"Rb,S,Ti",Monoclinic,1.242899999999999,True,,,,,,0.0,-1.337950789285713,2.862230239415653,True,False,0.0,,False,False,False,0.9709660441807584,0.919510892506456,1.0,0.5,0.5,1.0,0.1,0.9556681449211579
mp-568525,Sr2SnSe5,3,['Se' 'Sn' 'Sr'],"Se,Sn,Sr",Orthorhombic,1.2442,True,,,,,,0.0,-1.360317969570314,5.164375490520945,True,False,0.0,,False,False,False,0.9717272460111493,0.9178713865263244,1.0,0.5,0.5,1.0,0.1,0.955612519481736
mp-541735,K4Ti3S14,3,['K' 'S' 'Ti'],"K,S,Ti",Monoclinic,1.2102,True,,,,,,0.0,-1.326334095190475,2.440805119309383,True,False,0.0,,False,False,False,0.9487118849927272,0.9558060890540317,1.0,0.5,0.5,1.0,0.1,0.9555488846062865
mp-21713,K2In3CuSe6,4,['Cu' 'In' 'K' 'Se'],"Cu,In,K,Se",Monoclinic,1.2031,True,,,,,,0.0,-0.9776056600885401,4.351386864837917,True,False,0.0889422,,False,False,False,0.9431145485447391,0.9623620959696161,1.0,0.5,0.5,1.0,0.1,0.9551329515316271
mp-1195068,Ba3Ta2Se9,3,['Ba' 'Se' 'Ta'],"Ba,Se,Ta",Monoclinic,1.202,True,,,,,,0.0,-1.576411595947172,5.933794719184651,True,False,0.13156,,False,False,False,0.942223755720672,0.9633335558520046,1.0,0.5,0.5,1.0,0.1,0.9550559723079686
mp-29051,WS9Cl4,3,['Cl' 'S' 'W'],"Cl,S,W",Tetragonal,1.255199999999999,True,,,,,,0.0,-0.843306107589284,2.161416023757217,True,False,0.0434561,,False,False,False,0.9777786146112593,0.903435805649053,1.0,0.5,0.5,1.0,0.1,0.9549600245001727
mp-18361,K7NbAs4,3,['As' 'K' 'Nb'],"As,K,Nb",Orthorhombic,1.1294,True,2.470216034412105,12.985810163333333,6.101967256666668,,,0.0,-0.447438780479166,2.824166377028373,True,False,0.0,,False,False,False,0.8705752098994983,0.999509231577349,1.0,0.582456675130322,0.5,1.0,0.1,0.9549386884810253
mp-1204243,Rb4Te8O23,3,['O' 'Rb' 'Te'],"O,Rb,Te",Orthorhombic,1.198599999999999,True,,,,,,0.0,-1.639239081809524,5.127154942133546,True,False,0.1612655,,False,False,False,0.9394307944023769,0.9662603187166363,1.0,0.5,0.5,1.0,0.1,0.9547967464080896
mp-866660,K3P2AuSe8,4,['Au' 'K' 'P' 'Se'],"Au,K,P,Se",Monoclinic,1.195799999999999,True,,,,,,0.0,-0.8266830439132631,3.963356570157007,True,False,1e-07,,False,False,False,0.9370860877783166,0.9685838504641889,1.0,0.5,0.5,1.0,0.1,0.9545590995142075
mp-1195299,K3Np(HO3)2,4,['H' 'K' 'Np' 'O'],"H,K,Np,O",Orthorhombic,1.1955,True,,,,,,0.0,-2.3205405875416663,3.923641516851296,True,False,0.0003454,,False,False,False,0.9368324938918053,0.9688281258229039,1.0,0.5,0.5,1.0,0.1,0.9545323423463868
mp-1192595,Ba2SnSe4,3,['Ba' 'Se' 'Sn'],"Ba,Se,Sn",Monoclinic,1.264599999999999,True,,,,,,0.0,-1.633364205625,5.044381488223019,True,False,0.0,,False,False,False,0.9823907621327214,0.8903309779954848,1.0,0.5,0.5,1.0,0.1,0.954147337232503
mp-570679,TaI5,2,['I' 'Ta'],"I,Ta",Orthorhombic,1.1846,True,,,,,,0.0,-0.7686997330972211,5.348869232978805,True,False,0.0,,False,False,False,0.9273111426669107,0.9770824668888863,1.0,0.5,0.5,1.0,0.1,0.9533901557000606
mp-1079647,BaAgSeF,4,['Ag' 'Ba' 'F' 'Se'],"Ag,Ba,F,Se",Tetragonal,1.269299999999999,True,2.35805310160734,16.462630326666666,5.560414429999999,,,0.0,-2.263063682252604,6.142612558392519,True,False,1.69e-05,,False,False,False,0.9845010826089308,0.8835246779722932,1.0,0.49303619782905644,0.5,1.0,0.1,0.952609402022435
mp-21228,SrCuSeF,4,['Cu' 'F' 'Se' 'Sr'],"Cu,F,Se,Sr",Tetragonal,1.1989,True,,,,,,0.00047716156249800004,-2.225306626953122,5.546135948056412,False,False,0.0003915,,False,False,False,0.9396796297266184,0.9660067086707471,0.9905021608707896,0.5,0.5,1.0,0.1,0.952446453949964
mp-13949,Cd(GaTe2)2,3,['Cd' 'Ga' 'Te'],"Cd,Ga,Te",Tetragonal,1.0357,True,3.165273870194068,13.200306380013282,10.018958673333335,25.359,15.703,0.0,-0.46911883428571505,5.496361772578052,True,False,0.0,,False,False,False,0.7487349115685096,0.9612886989374636,1.0,0.9936394106726715,0.21853762842421467,1.0,0.1,0.9522767071760692
mp-646878,In4SnS4,3,['In' 'S' 'Sn'],"In,S,Sn",Cubic,1.176,True,,,,,,0.0,-0.642703380833334,4.767076381351161,True,False,0.0,,False,False,False,0.9193852856815897,0.9827286671445884,1.0,0.5,0.5,1.0,0.1,0.9522556214920856
mp-1202948,Ba3(AlP2)2,3,['Al' 'Ba' 'P'],"Al,Ba,P",Orthorhombic,1.2821999999999991,True,,,,,,0.0,-0.963656650396823,3.934399208889846,True,False,0.0,,False,False,False,0.9896141839433067,0.8640192570084627,1.0,0.5,0.5,1.0,0.1,0.952006434537096
mp-29313,Ta4P4S29,3,['P' 'S' 'Ta'],"P,S,Ta",Tetragonal,1.1671,True,,,,,,0.0,-0.8323654068352611,3.300290310376228,True,False,0.0034159,,False,False,False,0.9108108509191931,0.9877511356075794,1.0,0.5,0.5,1.0,0.1,0.9508653830709352
mp-556716,ZnS,2,['S' 'Zn'],"S,Zn",Trigonal,1.213299999999999,True,,,,,,0.0009737121428560001,-0.9617246374776781,4.138551334485021,False,False,0.0,,False,False,False,0.9510722171044702,0.9527902442745753,0.9807141552579726,0.5,0.5,1.0,0.1,0.9508651297317969
mp-570971,Sr3Ga3N5,3,['Ga' 'N' 'Sr'],"Ga,N,Sr",Triclinic,1.361899999999999,True,2.514468004701326,18.70011848666667,6.322549346666668,,,0.0,-0.776397881704547,5.309913093099539,True,False,0.0,,False,False,False,0.998502341361698,0.7224646971812432,1.0,0.6182295860216159,0.5,1.0,0.1,0.9507297278208534
mp-27869,Ba2PCl,3,['Ba' 'Cl' 'P'],"Ba,Cl,P",Trigonal,1.2602,True,2.3332276885607772,17.003209933854105,5.443951446666666,,,0.0,-1.8174280386607151,3.939701514522754,True,False,0.0,,False,False,False,0.9802965755381631,0.8965508901145954,1.0,0.4737451538305655,0.5,1.0,0.1,0.9506185504763149
mp-29363,Rb3GaP2,3,['Ga' 'P' 'Rb'],"Ga,P,Rb",Orthorhombic,1.1643,True,,,,,,0.0,-0.399427311547619,2.973063926688732,True,False,0.0685617,,False,False,False,0.9080368829198769,0.98915649704125,1.0,0.5,0.5,1.0,0.1,0.9503826952861567
mp-1105110,Sr2Bi2Se3O2,4,['Bi' 'O' 'Se' 'Sr'],"Bi,O,Se,Sr",Monoclinic,1.232899999999999,True,,,,,,0.001183198888889,-1.8303532207812498,6.224827970153949,False,False,0.0010103,,False,False,False,0.964789794167271,0.9316357294857278,0.9766138185744634,0.5,0.5,1.0,0.1,0.9500962626082927
mp-9996,SiP2,2,['P' 'Si'],"P,Si",Orthorhombic,1.4262000000000001,True,2.714192569930635,7.964984113333332,7.366841306666667,,,0.0,-0.14239073156745902,2.27561472762978,True,False,0.0,,False,False,False,0.9770473875439337,0.5939974680193746,1.0,0.7747686909735015,0.5,1.0,0.1,0.9495767707349148
mp-1189263,Pd(NO3)2,3,['N' 'O' 'Pd'],"N,O,Pd",Monoclinic,1.3005,True,,,,,,0.0,-0.755867288333332,3.183076940340627,True,False,0.0201409,,False,False,False,0.9951360860760693,0.8344341997585963,1.0,0.5,0.5,1.0,0.1,0.9489491514828068
mp-540618,K3IO5,3,['I' 'K' 'O'],"I,K,O",Tetragonal,1.2925,True,,,,,,0.000291546666666,-1.508949936861111,3.199148646835452,False,False,0.0019242999999990002,,False,False,False,0.9929740171910943,0.847628778702136,0.9941860335648136,0.5,0.5,1.0,0.1,0.9489343294942973
mp-30295,W6CCl18,3,['C' 'Cl' 'W'],"C,Cl,W",Hexagonal,1.1557,True,,,,,,0.0,-0.901346643199999,4.547022843658735,True,False,0.0,,False,False,False,0.8992939880302279,0.992944507683016,1.0,0.5,0.5,1.0,0.1,0.9487651731600093
mp-558739,RbSb2Au3S5,4,['Au' 'Rb' 'S' 'Sb'],"Au,Rb,S,Sb",Orthorhombic,1.1498,True,,,,,,0.0,-0.6074913829545441,5.8793116895723365,True,False,0.0283699,,False,False,False,0.8931058920611858,0.9950785944405488,1.0,0.5,0.5,1.0,0.1,0.9475382621813787
mp-1196120,Sr4SiAs4,3,['As' 'Si' 'Sr'],"As,Si,Sr",Cubic,1.149499999999999,True,,,,,,0.0,-1.206752120694444,4.31798223041934,True,False,0.0,,False,False,False,0.892787193862469,0.995176946235104,1.0,0.5,0.5,1.0,0.1,0.9474733404008828
mp-15777,Zn(GaTe2)2,3,['Ga' 'Te' 'Zn'],"Ga,Te,Zn",Tetragonal,1.0183,True,3.251216007383494,13.547125733321286,10.570405526666669,29.631,19.075,0.0,-0.6253114245238071,5.508738162025835,True,False,0.0,,False,False,False,0.723677786991828,0.9441591839376351,1.0,0.9999986856240134,0.2468047353506334,1.0,0.1,0.9472236007172675
mp-672,CdS,2,['Cd' 'S'],"Cd,S",Hexagonal,1.125,True,2.464706474072183,9.982347543312724,6.074778003333333,53.116,17.29,0.0,-0.7766083889062491,4.702284793707707,True,False,0.0,,False,False,False,0.8654954815529576,0.9998611207557263,1.0,0.578009332712186,0.4399945317447049,1.0,0.1,0.9470538915828967
mp-1201278,K2P2PdS6,4,['K' 'P' 'Pd' 'S'],"K,P,Pd,S",Orthorhombic,1.242099999999999,True,,,,,,0.0017599190909090001,-0.9542513301168821,2.468118038583938,False,False,5.0100000000000005e-05,,False,False,False,0.9704928135935481,0.920512683020815,0.965413876699056,0.5,0.5,1.0,0.1,0.9470535750262732
mp-18139,Na5SiAs3,3,['As' 'Na' 'Si'],"As,Na,Si",Monoclinic,1.1475,True,,,,,,0.0,-0.5586413491666681,3.004236919306103,True,False,0.0,,False,False,False,0.8906526403301768,0.9958074245981265,1.0,0.5,0.5,1.0,0.1,0.9470342737722631
mp-648414,V2PS10,3,['P' 'S' 'V'],"P,S,V",Monoclinic,1.1465,True,,,,,,0.0,-0.8532792550686801,2.511238314692027,True,False,0.0314349,,False,False,False,0.8895789382895117,0.9961062116413216,1.0,0.5,0.5,1.0,0.1,0.9468106663185761
mp-15776,Zn(GaSe2)2,3,['Ga' 'Se' 'Zn'],"Ga,Se,Zn",Tetragonal,1.400099999999999,True,2.771670305581634,11.027323232416718,7.682156282842989,36.647,24.208,0.0,-0.9152755777678561,5.104347978029998,True,False,0.0,,False,False,False,0.9887759339180626,0.6467039114522057,1.0,0.8159704380943035,0.2980820563586632,1.0,0.1,0.9464033415473583
mp-31468,LiCaN,3,['Ca' 'Li' 'N'],"Ca,Li,N",Orthorhombic,1.378499999999999,True,2.43873355999926,13.475501813333333,5.947421376666665,69.668,40.787,0.0,-0.7978766309722221,2.372116007124854,True,False,1e-07,,False,False,False,0.9953786800619916,0.6898819919187309,1.0,0.5570918790408119,0.6031745576004961,1.0,0.1,0.9462082064194789
mp-18305,Rb3AsSe4,3,['As' 'Rb' 'Se'],"As,Rb,Se",Orthorhombic,1.3144,True,,,,,,0.0,-1.0551996005468731,3.801378552712571,True,False,0.0,,False,False,False,0.997954095721077,0.8106231549478018,1.0,0.5,0.5,1.0,0.1,0.9460819971724395
mp-1202255,AgSb(SeF3)2,4,['Ag' 'F' 'Sb' 'Se'],"Ag,F,Sb,Se",Monoclinic,1.175,True,,,,,,0.0012389131868010001,-1.9167766799687491,4.168745465308232,False,False,0.0004986999999990001,,False,False,False,0.9184405284322426,0.983334870049346,0.9755261975827377,0.5,0.5,1.0,0.1,0.945991912011147
mp-557436,NaNb2PS10,4,['Na' 'Nb' 'P' 'S'],"Na,Nb,P,S",Monoclinic,1.315599999999999,True,,,,,,0.0,-1.044408507037297,2.645003870783886,True,False,0.0,,False,False,False,0.9981412296572828,0.8085182722781603,1.0,0.5,0.5,1.0,0.1,0.9458130482560447
mp-18138,K2WSe4,3,['K' 'Se' 'W'],"K,Se,W",Orthorhombic,1.319,True,,,,,,0.0,-1.078622331625001,4.266878946031491,True,False,0.0,,False,False,False,0.998622824178179,0.8025143395370968,1.0,0.5,0.5,1.0,0.1,0.9450328569751092
mp-28238,Ba4Sb4Se11,3,['Ba' 'Sb' 'Se'],"Ba,Sb,Se",Orthorhombic,1.138399999999999,True,,,,,,0.0,-1.306427226488487,5.255461820061556,True,False,0.0541382,,False,False,False,0.8807266267559584,0.9981208788741219,1.0,0.5,0.5,1.0,0.1,0.9448997885201078
mp-977414,ZnCu2SiS4,4,['Cu' 'S' 'Si' 'Zn'],"Cu,S,Si,Zn",Orthorhombic,1.282299999999998,True,,,,,,0.001620530624999,-0.8001549412499991,4.075702949959299,False,False,0.0,,False,False,False,0.9896499034748801,0.8638635075763563,0.9681089828054852,0.5,0.5,1.0,0.1,0.9440192477065448
mp-540628,Al(TeCl2)2,3,['Al' 'Cl' 'Te'],"Al,Cl,Te",Orthorhombic,1.3271,True,,,,,,0.0,-1.1156219646428571,2.9569113344484963,True,False,0.0,,False,False,False,0.9994801039428146,0.7879819814581485,1.0,0.5,0.5,1.0,0.1,0.9430673232044259
mp-29044,Cd4Sb2I3,3,['Cd' 'I' 'Sb'],"Cd,I,Sb",Cubic,1.130599999999999,True,,,,,,0.0,-0.49290522749999904,5.557658484517503,True,False,0.0,,False,False,False,0.8719474462075145,0.9993759725639372,1.0,0.5,0.5,1.0,0.1,0.9428932574364691
mp-556500,NClOF4,4,['Cl' 'F' 'N' 'O'],"Cl,F,N,O",Tetragonal,1.3315000000000001,True,,,,,,0.0,-0.928872943571428,2.247697071579463,True,False,0.004557999999999,,False,False,False,0.9997742442366683,0.7799601112728071,1.0,0.5,0.5,1.0,0.1,0.941937577750088
mp-30105,Ba2B4Se13,3,['B' 'Ba' 'Se'],"B,Ba,Se",Monoclinic,1.332999999999999,True,,,,,,0.0,-0.876353019586073,4.605429852984838,True,False,0.0,,False,False,False,0.9998468867230343,0.7772058768035843,1.0,0.5,0.5,1.0,0.1,0.9415426032012961
mp-1591,Al4C3,2,['Al' 'C'],"Al,C",Trigonal,1.3154,False,2.857628900563068,17.828700309990722,8.16604293333329,159.382,112.747,0.0,-0.23825637285714302,2.991752250158876,True,False,0.0,,False,False,False,0.9981106620501935,0.8088696048615003,1.0,0.8721019387149515,0.8870064322568808,1.0,0.0,0.9403740402747042
mp-554147,Rb2Nb2P2S11,4,['Nb' 'P' 'Rb' 'S'],"Nb,P,Rb,S",Monoclinic,1.119099999999999,True,,,,,,0.0,-1.110813237163865,2.6904590580559313,True,False,7.960000000000001e-05,,False,False,False,0.8585674527580278,0.9999955000101249,1.0,0.5,0.5,1.0,0.1,0.9396411881910256
mp-22984,NaBiO2,3,['Bi' 'Na' 'O'],"Bi,Na,O",Monoclinic,1.135,True,2.329066027402401,19.258133946666664,5.424548560000001,,,0.0,-1.715463051594827,7.169515409564825,True,False,0.0,,False,False,False,0.876929984526928,0.9987507809245809,1.0,0.47053548877655205,0.5,1.0,0.1,0.9396254365869019
mp-29420,Hf(Se2Cl3)2,3,['Cl' 'Hf' 'Se'],"Cl,Hf,Se",Tetragonal,1.3426,True,,,,,,0.0,-1.036272630113638,3.655746064011276,True,False,0.0,,False,False,False,0.9999788752231312,0.7593579540854871,1.0,0.5,0.5,1.0,0.1,0.9388984119186058
mp-1197301,Np2SO10,3,['Np' 'O' 'S'],"Np,O,S",Monoclinic,1.1161,True,,,,,,0.0,-2.544507634615385,5.499368594456665,True,False,0.0913483,,False,False,False,0.8549946808865929,0.9999155035700245,1.0,0.5,0.5,1.0,0.1,0.9387359957571518
mp-1195102,RbAg5(PS4)2,4,['Ag' 'P' 'Rb' 'S'],"Ag,P,Rb,S",Orthorhombic,1.162499999999999,True,,,,,,0.0023283737500000004,-0.5652161298511891,4.255776533341282,False,False,0.0429694,,False,False,False,0.9062346315470093,0.9900154576156414,0.9545001534992038,0.5,0.5,1.0,0.1,0.9386860149038995
mp-647343,PBr7,2,['Br' 'P'],"Br,P",Orthorhombic,1.2227000000000001,True,2.208464634838723,14.487311666666665,4.877316043333334,,,0.0,-0.720567094330356,3.5111668887223972,True,False,0.0,,False,False,False,0.9579135154352852,0.9430876472408549,1.0,0.38126407365835585,0.5,1.0,0.1,0.938131136993703
mp-1197539,K3AsSe4,3,['As' 'K' 'Se'],"As,K,Se",Orthorhombic,1.113099999999999,True,,,,,,0.0,-1.041859041390623,3.265902848373523,True,False,0.0,,False,False,False,0.8513888844820048,0.999735534977041,1.0,0.5,0.5,1.0,0.1,0.9378075513670573
mp-9071,Na8TiAs4,3,['As' 'Na' 'Ti'],"As,Na,Ti",Cubic,1.0363,True,2.626140900637279,11.983208819999964,6.896616029999978,,,0.0,-0.6898967597435891,2.734712188516354,True,False,0.0,,False,False,False,0.7495889560805765,0.9618271713670767,1.0,0.707543822202926,0.5,1.0,0.1,0.9378028880556445
mp-1203699,Rb3IO5,3,['I' 'O' 'Rb'],"I,O,Rb",Orthorhombic,1.3488,True,,,,,,0.0,-1.493134368055556,4.122402502922696,True,False,0.000130999999999,,False,False,False,0.9997580292796381,0.7476426003427494,1.0,0.5,0.5,1.0,0.1,0.9370858973713219
mp-10163,NaAlTe2,3,['Al' 'Na' 'Te'],"Al,Na,Te",Tetragonal,1.2875,True,2.741312800466229,17.848184556686096,7.514795870000001,21.938,-443.088,0.006037781093755,-0.823727190000003,4.332166536513134,False,False,0.0,,False,False,False,0.9914237067846497,0.8556720841007678,0.8862505133699439,0.7945246564799933,0.19753084415679487,1.0,0.1,0.936701150541442
mp-1340,Ga2Se3,2,['Ga' 'Se'],"Ga,Se",Monoclinic,1.043599999999999,True,2.827772808530888,12.088060103333333,7.996299056666667,27.869,19.013,0.0,-0.700867464437499,4.965206661647674,True,False,0.0,,False,False,False,0.7599212268159963,0.9680925802201408,1.0,0.8534508038762183,0.23487212775693392,1.0,0.1,0.9366990270941463
mp-1190364,Li2SnS3,3,['Li' 'S' 'Sn'],"Li,S,Sn",Monoclinic,1.419099999999999,True,2.602307029669379,23.483652333333332,6.772001876666667,,,0.0006651347916660001,-1.132332549027777,3.496197381591901,False,False,0.0,,False,False,False,0.980637379728239,0.608350246228911,0.9867853939815955,0.6887379696406696,0.5,1.0,0.1,0.9364189258078957
mp-15501,Sr4TiAs4,3,['As' 'Sr' 'Ti'],"As,Sr,Ti",Cubic,1.3516,True,,,,,,0.0,-1.334374570046296,4.2920063207402,True,False,0.0,,False,False,False,0.9995795883977342,0.7423072781822464,1.0,0.5,0.5,1.0,0.1,0.9362409888267704
mp-29354,Ba3(TaS4)2,3,['Ba' 'S' 'Ta'],"Ba,S,Ta",Monoclinic,1.108,True,,,,,,0.0,-1.84273351548717,5.089566194332099,True,False,0.0,,False,False,False,0.8451847808236714,0.9992003199146837,1.0,0.5,0.5,1.0,0.1,0.9361762431931204
mp-10322,BaHfN2,3,['Ba' 'Hf' 'N'],"Ba,Hf,N",Tetragonal,1.2537,False,2.696135954781707,29.961356996666666,7.269149086666668,104.52,44.085,0.0,-1.52112418875,7.934364724872101,True,False,0.0,,False,False,False,0.9769947200027665,0.905462524638542,1.0,0.7613361187343358,0.913775017930468,1.0,0.0,0.9356459782996701
mp-7614,Si(Ag4S3)2,3,['Ag' 'S' 'Si'],"Ag,S,Si",Orthorhombic,1.1051,True,,,,,,0.0,-0.285906270458332,6.046393682787592,True,False,0.0,,False,False,False,0.8416161216325092,0.998767371422568,1.0,0.5,0.5,1.0,0.1,0.9352191361215124
mp-5942,NaAsS2,3,['As' 'Na' 'S'],"As,Na,S",Monoclinic,1.3457,True,2.340493885201725,9.177608780000002,5.477911626666668,,,0.0,-0.707556392656249,2.853379324611498,True,False,0.0,,False,False,False,0.9998984739041229,0.7535177366141983,1.0,0.47936637020391304,0.5,1.0,0.1,0.9349072344987474
mp-30113,Zr(Se2Cl3)2,3,['Cl' 'Se' 'Zr'],"Cl,Se,Zr",Orthorhombic,1.3568,True,,,,,,5.8686363644255835e-06,-1.020729918522727,3.1861570682567,False,False,0.0,,False,False,False,0.9991183888476703,0.7323303598537194,0.9998826341606205,0.5,0.5,1.0,0.1,0.9345998097301306
mp-3924,LiNbO2,3,['Li' 'Nb' 'O'],"Li,Nb,O",Hexagonal,1.579499999999999,True,2.948977810473769,16.462366106675475,8.696470126666666,156.667,100.566,0.0,-2.686382930833336,5.667091788849184,True,False,0.0,,False,False,False,0.8358962460041224,0.3094368059236815,1.0,0.9226123733820187,0.9059529541718927,1.0,0.1,0.9343767338140748
mp-7863,Rb2Sn2O3,3,['O' 'Rb' 'Sn'],"O,Rb,Sn",Trigonal,1.219599999999999,True,2.165999881501998,11.90049551695248,4.691555486666668,,,0.0,-1.720435254285714,4.648829762417636,True,False,0.0,,False,False,False,0.9557102477488908,0.9463791475530475,1.0,0.3518696619233125,0.5,1.0,0.1,0.9336648833586767
mp-20782,LiInTe2,3,['In' 'Li' 'Te'],"In,Li,Te",Tetragonal,1.3847,True,2.6846882215010863,10.122309683336137,7.207550846666668,23.297,11.157,0.0,-0.8370955545833321,4.704605033033507,True,False,0.0,,False,False,False,0.993775422202744,0.677560754604684,1.0,0.7527148515195099,0.2057026416542803,1.0,0.1,0.9335554606347432
mp-4524,ZnGeP2,3,['Ge' 'P' 'Zn'],"Ge,P,Zn",Tetragonal,1.1782,False,3.504112143597823,13.730712368164212,12.27880191490973,73.515,49.211,0.0,-0.275104891488094,4.179818738428334,True,False,0.0,,False,False,False,0.921446901817643,0.9813579531380128,1.0,0.9442180014115854,0.6420220242861814,1.0,0.0,0.9334003210654687
mp-560666,K4Nb2Se11O,4,['K' 'Nb' 'O' 'Se'],"K,Nb,O,Se",Orthorhombic,1.361,True,,,,,,0.0,-1.257873135126736,3.705116977150238,True,False,0.0009555,,False,False,False,0.998622824178179,0.7242111958045688,1.0,0.5,0.5,1.0,0.1,0.93328738541523
mp-1192856,Rb2WSe4,3,['Rb' 'Se' 'W'],"Rb,Se,W",Orthorhombic,1.3613,True,,,,,,0.0,-1.10841219705357,4.596168538125686,True,False,0.0,,False,False,False,0.9985832233270235,0.7236292846161465,1.0,0.5,0.5,1.0,0.1,0.9331901985241778
mp-5193,SrZrS3,3,['S' 'Sr' 'Zr'],"S,Sr,Zr",Orthorhombic,1.1777,True,,,,69.284,36.069,0.006412831499997,-2.077791916499998,3.849113661274756,False,False,0.0,,False,False,False,0.9209803934788582,0.9816739467425003,0.8796276113426413,0.5,0.5992930697123627,1.0,0.1,0.9323324001879862
mp-1204773,Ba6Sn7S20,3,['Ba' 'S' 'Sn'],"Ba,S,Sn",Monoclinic,1.3643,True,,,,,,0.0,-1.3475262210606052,4.015307072948397,True,False,0.0592385,,False,False,False,0.9981564202347123,0.7177963473976717,1.0,0.5,0.5,1.0,0.1,0.9322085571683287
mp-571470,Na2SnSe3,3,['Na' 'Se' 'Sn'],"Na,Se,Sn",Orthorhombic,1.3646999999999991,True,,,,,,0.0,-1.014586782256645,3.683850317316952,True,False,0.0006349999999990001,,False,False,False,0.9980952850262579,0.7170167656829468,1.0,0.5,0.5,1.0,0.1,0.9320763361090064
mp-1208643,SrHfS3,3,['Hf' 'S' 'Sr'],"Hf,S,Sr",Orthorhombic,1.4955999999999992,True,2.866153153037476,45.04933183000001,8.214833896666667,,,0.0,-2.074540924687499,5.1832637195499665,True,False,0.0,,False,False,False,0.9271309140800889,0.4566892945254105,1.0,0.8772463121739784,0.5,1.0,0.1,0.9318730695249305
mp-571164,Rb3AgSn3Se8,4,['Ag' 'Rb' 'Se' 'Sn'],"Ag,Rb,Se,Sn",Tetragonal,1.3666,True,,,,,,0.0,-0.917866301527776,4.590647634698186,True,False,0.0,,False,False,False,0.9977913177361528,0.7133079816563427,1.0,0.5,0.5,1.0,0.1,0.9314440266824895
mp-1190429,Na2In2GeSe6,4,['Ge' 'In' 'Na' 'Se'],"Ge,In,Na,Se",Monoclinic,1.3672,True,,,,,,0.0,-0.93781548001404,4.0946566279993,True,False,0.002240599999999,,False,False,False,0.9976906706134507,0.7121348424769482,1.0,0.5,0.5,1.0,0.1,0.9312428940249049
mp-556094,AgBiSCl2,4,['Ag' 'Bi' 'Cl' 'S'],"Ag,Bi,Cl,S",Orthorhombic,1.0752,True,2.591594718186725,113.99861914,6.716363183333332,36.771,14.436,0.0,-0.9455932878333341,5.553841211740978,True,False,0.0,,False,False,False,0.8032237188820887,0.9889117111017417,1.0,0.6802253595927189,0.2990414409185396,1.0,0.1,0.9310806344165451
mp-1195251,Rb4Ge(PSe3)4,4,['Ge' 'P' 'Rb' 'Se'],"Ge,P,Rb,Se",Orthorhombic,1.3687,True,,,,,,0.0,-0.809034293056973,3.613789180140341,True,False,0.004497399999999,,False,False,False,0.9974292787278335,0.7091980176342249,1.0,0.5,0.5,1.0,0.1,0.9307370223270921
mp-23052,ZrIN,3,['I' 'N' 'Zr'],"I,N,Zr",Orthorhombic,1.2172,True,2.421590069217607,16.19308409,5.864098463333334,19.161,15.301,0.0,-1.619780858333333,5.136777020980983,True,False,0.0,,False,False,False,0.9539686211033609,0.9488657073759718,1.0,0.5433445839086621,0.1815381538222791,1.0,0.1,0.9304775143507632
mp-1195045,WI4,2,['I' 'W'],"I,W",Orthorhombic,1.0913,True,,,,,,0.0,-0.388383996749999,5.035667183216293,True,False,1.1e-06,,False,False,False,0.824245768130273,0.9954343986342713,1.0,0.5,0.5,1.0,0.1,0.9303766018277089
mp-4721,RbSb3Se5,3,['Rb' 'Sb' 'Se'],"Rb,Sb,Se",Monoclinic,1.261699999999999,True,,,,,,0.005092196388888,-0.710138441024304,5.036143999820982,False,False,0.0,,False,False,False,0.9810233364691695,0.894447214558259,0.9031705004965664,0.5,0.5,1.0,0.1,0.9302155414251727
mp-3744,NaNbO2,3,['Na' 'Nb' 'O'],"Na,Nb,O",Hexagonal,1.378099999999999,False,2.864210616091864,11.19524948333401,8.203702453333335,146.768,99.169,0.0,-2.522986689094827,5.564450391300988,True,False,0.0,,False,False,False,0.9954739921336001,0.6906744312185817,1.0,0.8760812870833594,0.9617018449028264,1.0,0.0,0.9300520402689739
mp-14214,Ba4SiP4,3,['Ba' 'P' 'Si'],"Ba,P,Si",Cubic,1.0893,True,,,,,,0.0,-0.969867989007936,4.120065900140862,True,False,0.0,,False,False,False,0.8216771018367025,0.9947776286890953,1.0,0.5,0.5,1.0,0.1,0.9296359197625399
mp-22895,CuI,2,['Cu' 'I'],"Cu,I",Cubic,1.176299999999999,True,2.610591705355758,7.684355551622967,6.815189052072284,38.237,15.17,0.0070819908333330005,-0.33633597749999905,5.807646222679555,False,False,0.0,,False,False,False,0.9196677814716041,0.9825447503078093,0.8679338154880443,0.6952971499568971,0.3105200861089992,1.0,0.1,0.929628692890518
mp-7374,Ba(CuO)2,3,['Ba' 'Cu' 'O'],"Ba,Cu,O",Tetragonal,1.386299999999999,True,2.433112898462927,15.620517196643993,5.9200383766666675,56.503,21.409,0.0,-1.616588649999994,5.907405636175781,True,False,0.0,,False,False,False,0.9933233572382205,0.6743702034669994,1.0,0.5525786028319695,0.4722478849625184,1.0,0.1,0.9295979487506523
mp-6356,Cd2GaAgS4,4,['Ag' 'Cd' 'Ga' 'S'],"Ag,Cd,Ga,S",Orthorhombic,1.0437,True,2.52762070005239,10.068807229999999,6.388866403333334,,,0.0,-0.8115381298958321,4.546701253147711,True,False,0.0004766,,False,False,False,0.7600619915114553,0.9681747102243288,1.0,0.6288575390105061,0.5,1.0,0.1,0.9295703352630891
mp-18856,MoO3,2,['Mo' 'O'],"Mo,O",Monoclinic,1.3714,True,,,,,,6.992062500010834e-05,-1.9245719515625002,4.482983052723713,False,False,0.0,,False,False,False,0.9969236167943623,0.7038978730764849,0.9986025648231379,0.5,0.5,1.0,0.1,0.9294662263658477
mp-573635,Ba2In2Se5,3,['Ba' 'In' 'Se'],"Ba,In,Se",Orthorhombic,1.2810000000000001,True,,,,,,0.004777688749997001,-1.515504987089119,5.108878847773123,False,False,0.000331099999999,,False,False,False,0.989180827842654,0.8658829375850782,0.9088694858829869,0.5,0.5,1.0,0.1,0.9293950190691719
mp-524,Ba3As14,2,['As' 'Ba'],"As,Ba",Monoclinic,1.2631000000000001,False,3.256638523078667,18.117439219999998,10.605694470000001,,,0.0,-0.44724163764706004,4.884319645929317,True,False,0.0,,False,False,False,0.9816896775118158,0.8924681073753856,1.0,0.9999608274440059,0.5,1.0,0.0,0.9292867596008627
mp-680436,Rb2LiSn4,3,['Li' 'Rb' 'Sn'],"Li,Rb,Sn",Triclinic,1.087899999999999,True,,,,,,0.0,-0.291459588511903,4.261235815037861,True,False,2e-07,,False,False,False,0.8198716041817211,0.9942918537296022,1.0,0.5,0.5,1.0,0.1,0.9291116791048706
mp-9722,Na2LiGaAs2,4,['As' 'Ga' 'Li' 'Na'],"As,Ga,Li,Na",Orthorhombic,1.2155,False,3.132363650663823,17.383999709999994,9.811702039999995,,,0.0,-0.5484412151819931,3.547436485188726,True,False,0.0017181,,False,False,False,0.9527161379404656,0.9505941626178098,1.0,0.9877746240072967,0.5,1.0,0.0,0.9289343524788823
mp-28766,K2TiS3,3,['K' 'S' 'Ti'],"K,S,Ti",Monoclinic,1.1215,True,2.261041982508654,14.02158728,5.112310846666667,,,0.0,-1.605788210055553,2.307814138044572,True,False,0.0,,False,False,False,0.8614015290829431,0.9999875000781246,1.0,0.4192167977222017,0.5,1.0,0.1,0.9282310269407847
mp-1078419,Na3PSe4,3,['Na' 'P' 'Se'],"Na,P,Se",Cubic,1.116899999999999,True,2.2732720338754,12.796105279999999,5.167765739999996,,,0.0,-0.907595616778273,3.5877766198750303,True,False,0.0,,False,False,False,0.8559506715027517,0.9999466125362725,1.0,0.4282715613848521,0.5,1.0,0.1,0.9282203939638566
mp-29808,Ca4GeN4,3,['Ca' 'Ge' 'N'],"Ca,Ge,N",Monoclinic,1.409,True,2.467450692516468,16.97226216,6.08831292,,,0.0,-1.005702749166666,3.43994983755151,True,False,0.0,,False,False,False,0.9852320074371869,0.6287600613459435,1.0,0.5802241314394874,0.5,1.0,0.1,0.9276556307771113
mp-680446,Cu3P4Se4Br3,4,['Br' 'Cu' 'P' 'Se'],"Br,Cu,P,Se",Monoclinic,1.3783,True,,,,,,0.0,-0.463800321579506,4.055476979465903,True,False,4.4600000000000013e-05,,False,False,False,0.9954264593853289,0.6902782512487675,1.0,0.5,0.5,1.0,0.1,0.9273983525336473
mp-29428,Ta(TeCl3)2,3,['Cl' 'Ta' 'Te'],"Cl,Ta,Te",Triclinic,1.1619,True,,,,,,0.004928869085649001,-1.384178397296296,3.9130173392563883,False,False,0.0,,False,False,False,0.9056306009974878,0.9902940211471496,0.9061255723523292,0.5,0.5,1.0,0.1,0.9264831465095267
mp-7441,KP,2,['K' 'P'],"K,P",Orthorhombic,1.034999999999999,True,2.531802708874976,11.235214570000002,6.410024956666667,,,0.0,-0.536587557113094,2.079296273351812,True,False,0.0,,False,False,False,0.7477376296793207,0.9606560054411066,1.0,0.6322341763190596,0.5,1.0,0.1,0.9258679346838551
mp-29746,Cd4P2Cl3,3,['Cd' 'Cl' 'P'],"Cd,Cl,P",Cubic,1.3826,True,,,,,,0.0,-0.734202555383597,4.470986320263327,True,False,0.0,,False,False,False,0.994344925473635,0.6817418429333771,1.0,0.5,0.5,1.0,0.1,0.9258475078084153
mp-13956,Ag2PSe3,3,['Ag' 'P' 'Se'],"Ag,P,Se",Orthorhombic,1.186599999999999,False,3.104686254680173,14.884344336666665,9.63907674,,,0.0,-0.16940802690228102,5.793370047018977,True,False,0.0,,False,False,False,0.929102581354513,0.9756591354841084,1.0,0.9814052037570973,0.5,1.0,0.0,0.9258352962248091
mp-31012,K2(NbBr3)3,3,['Br' 'K' 'Nb'],"Br,K,Nb",Monoclinic,1.0786,True,,,,,,0.0,-1.508595819607144,4.169420433571146,True,False,0.0,,False,False,False,0.8077270192558352,0.9905231906929968,1.0,0.5,0.5,1.0,0.1,0.9255102334179083
mp-1195160,Al2Cu2Bi2S3Cl8,5,['Al' 'Bi' 'Cl' 'Cu' 'S'],"Al,Bi,Cl,Cu,S",Hexagonal,1.2722,True,,,,,,0.006024103124988,-1.349249576911765,3.667917346704007,False,False,0.000424799999999,,False,False,False,0.9857375611204346,0.8792433635097826,0.8864929886709599,0.5,0.5,1.0,0.1,0.924944141974316
mp-1018099,Ba2NCl,3,['Ba' 'Cl' 'N'],"Ba,Cl,N",Trigonal,1.1077,True,2.268269037540888,37.247913813333334,5.145044426666666,,,0.0,-1.543993426250001,4.758777158855021,True,False,0.0,,False,False,False,0.8448169677926587,0.9991598531211853,1.0,0.42455773582544964,0.5,1.0,0.1,0.9247618802901599
mp-776470,Hf3N4,2,['Hf' 'N'],"Hf,N",Orthorhombic,1.2648000000000001,True,3.118178114433704,49.390316786666666,9.723034753333332,,,0.0,-1.9739463853571442,11.710480923591549,True,False,0.0,,True,False,False,0.9824832340150973,0.8900447331475027,1.0,0.9846724504970849,0.5,1.0,0.1,0.9241455474454163
mp-27528,Cd4As2I3,3,['As' 'Cd' 'I'],"As,Cd,I",Cubic,1.174,True,,,,,,0.005952734982638001,-0.46490962291666604,5.524101317610905,False,False,1.0800000000000002e-05,,False,False,False,0.9174910076755718,0.9839305142725084,0.8877592393116901,0.5,0.5,1.0,0.1,0.9239021388876917
mp-572291,K3ClO,3,['Cl' 'K' 'O'],"Cl,K,O",Orthorhombic,1.0785,True,,,,,,0.00039509950000000005,-1.639030035849999,2.092230640911296,False,False,0.0,,False,False,False,0.8075950423958105,0.990477572647649,0.992129148649899,0.5,0.5,1.0,0.1,0.9235026836585747
mp-1095289,LiCaAs,3,['As' 'Ca' 'Li'],"As,Ca,Li",Orthorhombic,1.073299999999999,True,,,,,,0.0,-1.236092714722222,3.29508821139139,True,False,0.0,,False,False,False,0.8006929159610328,0.9879570483042233,1.0,0.5,0.5,1.0,0.1,0.9233667862358916
mp-542812,GaTe,2,['Ga' 'Te'],"Ga,Te",Monoclinic,1.0066,True,3.027495608101674,11.683822988602103,9.165729657074928,9.638,7.349,0.0,-0.44299320083333205,5.154297046168311,True,False,0.0,,False,False,False,0.7065501292657236,0.9310502769449281,1.0,0.9569469786127274,0.1337096170729373,1.0,0.1,0.9232080823573728
mp-28108,Na4SnTe4,3,['Na' 'Sn' 'Te'],"Na,Sn,Te",Orthorhombic,1.0196,True,2.573402813397078,27.75257573666667,6.62240204,,,0.0,-0.8616289799999991,4.091099375883919,True,False,0.0,,False,False,False,0.7255679873656871,0.9455382954115379,1.0,0.6656981819038424,0.5,1.0,0.1,0.9230774684387287
mp-18156,KBaPSe4,4,['Ba' 'K' 'P' 'Se'],"Ba,K,P,Se",Orthorhombic,1.3932,True,,,,,,0.0,-1.289564559466837,3.721450868440217,True,False,0.0,,False,False,False,0.991194497534206,0.6605668896662104,1.0,0.5,0.5,1.0,0.1,0.921883657833483
mp-556528,In4GeS4,3,['Ge' 'In' 'S'],"Ge,In,S",Cubic,1.0696,True,,,,,,0.0,-0.677109670740738,4.708280678747705,True,False,0.0,,False,False,False,0.7957358459773436,0.9859871075224773,1.0,0.5,0.5,1.0,0.1,0.9218320276227074
mp-1078562,SrAgSF,4,['Ag' 'F' 'S' 'Sr'],"Ag,F,S,Sr",Tetragonal,1.253299999999999,True,,,,,,0.0071664281249980005,-2.221776139453126,5.312733446667156,False,False,0.0,,False,False,False,0.9767834677370398,0.9059999251495482,0.8664693327911268,0.5,0.5,1.0,0.1,0.9217131889044738
mp-470,GeO2,2,['Ge' 'O'],"Ge,O",Tetragonal,1.2157,True,2.063325621418006,13.169586053333331,4.257312619999999,202.915,130.151,0.0,-2.156655663333334,6.20512814957392,True,False,0.0,,False,False,False,0.9528642968189696,0.9503922356189344,1.0,0.28600961507476647,0.4778701284311545,1.0,0.1,0.9214633646519129
mp-556916,GaAgS2,3,['Ag' 'Ga' 'S'],"Ag,Ga,S",Monoclinic,1.020499999999999,True,2.663871440841944,10.425042963333334,7.096211053333334,,,0.0026334225,-0.6173777514062481,4.542900258727241,False,False,7.72e-05,,False,False,False,0.7268749814350357,0.9464838333916902,0.9486945000067252,0.7368471275203359,0.5,1.0,0.1,0.9213920144972441
mp-1199971,Rb2PH4Se3O2,5,['H' 'O' 'P' 'Rb' 'Se'],"H,O,P,Rb,Se",Orthorhombic,1.3946,True,,,,,,0.0,-1.138266276389508,3.238087882868075,True,False,0.004428899999999,,False,False,False,0.9907271356477442,0.6577584215601022,1.0,0.5,0.5,1.0,0.1,0.9213455471459513
mp-11902,Ba2GeSe4,3,['Ba' 'Ge' 'Se'],"Ba,Ge,Se",Monoclinic,1.4121000000000001,True,2.425152433697038,63.066776036666646,5.881364326666666,,,0.0,-1.62330692705357,4.947741946035637,True,False,0.0,,False,False,False,0.9838862076491363,0.6224989179430453,1.0,0.5461965145508528,0.5,1.0,0.1,0.9212758667863687
mp-1018098,Ba2BrN,3,['Ba' 'Br' 'N'],"Ba,Br,N",Trigonal,1.1377,True,2.332750731789975,34.84963021666667,5.4417259766666675,37.437,16.787,0.0,-1.41151841,5.124717030741697,True,False,0.0,,False,False,False,0.879948820916994,0.9982610137917461,1.0,0.4733769342450761,0.3042251104196148,1.0,0.1,0.9211554084767333
mp-29295,Sr3Sb4S9,3,['S' 'Sb' 'Sr'],"S,Sb,Sr",Orthorhombic,1.0677,True,,,,,,0.0,-1.259564848281249,4.147069228580007,True,False,0.0834573,,False,False,False,0.7931758879483007,0.9849188218659806,1.0,0.5,0.5,1.0,0.1,0.9210317952669722
mp-28914,Cd4P2Br3,3,['Br' 'Cd' 'P'],"Br,Cd,P",Cubic,1.3986,True,,,,,,0.0,-0.6612911865873,5.114675492739633,True,False,0.0,,False,False,False,0.9893262481124748,0.6497218772010587,1.0,0.5,0.5,1.0,0.1,0.9197898436082774
mp-554930,Nb2AgPS10,4,['Ag' 'Nb' 'P' 'S'],"Ag,Nb,P,S",Monoclinic,1.1059,True,,,,,,0.0033025181122370005,-0.8964081025935381,3.155752266220045,False,False,5e-07,,False,False,False,0.8426034952698018,0.99889610973562,0.9360837198270832,0.5,0.5,1.0,0.1,0.9195062202345642
mp-15502,Ba4TiP4,3,['Ba' 'P' 'Ti'],"Ba,P,Ti",Cubic,1.0636,True,,,,,,0.0,-1.0696733649338621,4.096011687036275,True,False,0.0,,False,False,False,0.7876192430493146,0.9824832340150973,1.0,0.5,0.5,1.0,0.1,0.9192772958645932
mp-18351,Sr3(GeP2)2,3,['Ge' 'P' 'Sr'],"Ge,P,Sr",Monoclinic,1.0635,True,,,,,,0.0,-0.9205362554894181,3.8455424485641823,True,False,0.0,,False,False,False,0.7874831689678398,0.9824216124159056,1.0,0.5,0.5,1.0,0.1,0.9192340341043457
mp-1203106,Ga7Sb7(Te4Cl13)2,4,['Cl' 'Ga' 'Sb' 'Te'],"Cl,Ga,Sb,Te",Triclinic,1.4002000000000001,True,,,,,,0.0,-1.217792329809027,3.434422170293039,True,False,0.3300519,,False,False,False,0.9887387628215013,0.6465026382233333,1.0,0.5,0.5,1.0,0.1,0.9191600864388753
mp-6449,CdCu2SiS4,4,['Cd' 'Cu' 'S' 'Si'],"Cd,Cu,S,Si",Orthorhombic,0.9802999999999991,True,2.726828286367393,10.225324966666667,7.435592503333333,,,0.0,-0.7558171031249981,4.2040783700915885,True,False,0.003121999999999,,False,False,False,0.6674269844717848,0.8972482294872102,1.0,0.7840389563705682,0.5,1.0,0.1,0.919049823996613
mp-559984,Rb8AlAu3O4,4,['Al' 'Au' 'O' 'Rb'],"Al,Au,O,Rb",Orthorhombic,1.4024,True,,,,,,0.0,-1.310884286406249,4.816508364767265,True,False,0.0,,False,False,False,0.9879057307570569,0.6420723915520185,1.0,0.5,0.5,1.0,0.1,0.918287291422067
mp-1198419,K2Cd3Se4,3,['Cd' 'K' 'Se'],"Cd,K,Se",Orthorhombic,1.4027999999999992,True,,,,,,0.0,-1.031509651263887,4.558188684746677,True,False,0.0,,False,False,False,0.9877511356075798,0.6412664548624215,1.0,0.5,0.5,1.0,0.1,0.9181277521312581
mp-10182,LiZnP,3,['Li' 'P' 'Zn'],"Li,P,Zn",Cubic,1.3386,False,3.165170284518668,15.957661824996572,10.018302929999988,63.12,51.137,0.0,-0.655819149880952,3.705776588364316,True,False,0.0,,False,False,False,0.9999938750187578,0.7668396539824944,1.0,0.9936238980451589,0.5372773223127963,1.0,0.0,0.9177957337901169
mp-1197017,Ba2Ge(Sb2S5)2,4,['Ba' 'Ge' 'S' 'Sb'],"Ba,Ge,S,Sb",Tetragonal,1.380199999999999,True,,,,,,0.0018492983823480001,-1.043002797941175,4.102702073293879,False,False,0.0,,False,False,False,0.9949626054421343,0.686510639609488,0.9636896580876786,0.5,0.5,1.0,0.1,0.9176396618238764
mp-28879,Ca5P8,2,['Ca' 'P'],"Ca,P",Monoclinic,1.1418,False,3.086845246634315,17.906313118605095,9.528613576668866,,,0.0,-1.057331754908424,2.539264062615659,True,False,0.0,,False,False,False,0.8844758007491842,0.9973632600990943,1.0,0.9766159900921875,0.5,1.0,0.0,0.9172158377159884
mp-19178,CoAgO2,3,['Ag' 'Co' 'O'],"Ag,Co,O",Hexagonal,1.331999999999999,False,3.261002322395165,15.808172749738425,10.634136146666664,,,0.0,-1.005616199166666,7.578299942146375,True,False,0.0,,False,False,False,0.9998000199986666,0.7790431143423834,1.0,0.9998924048126999,0.5,1.0,0.0,0.9167903328729291
mp-574529,Al(SeCl2)2,3,['Al' 'Cl' 'Se'],"Al,Cl,Se",Orthorhombic,1.4066,True,,,,,,0.0,-1.069165520446427,2.57894438387564,True,False,0.0,,False,False,False,0.9862344980688312,0.633604149835735,1.0,0.5,0.5,1.0,0.1,0.916599246992568
mp-2624,AlSb,2,['Al' 'Sb'],"Al,Sb",Cubic,1.2255,False,3.465530203302232,13.325643436666676,12.009899590000012,49.576,28.771,0.0,-0.252975485,4.175546636123753,True,False,0.0,,False,False,False,0.9598583751871327,0.9400382413839665,1.0,0.9595490981808875,0.40724672226155834,1.0,0.0,0.915627366957667
mp-1095151,BaCdAsF,4,['As' 'Ba' 'Cd' 'F'],"As,Ba,Cd,F",Tetragonal,0.9586000000000001,True,2.818550725106788,20.103319366666668,7.9442281900000005,,,0.0,-1.948395214375,5.882470652399688,True,False,0.0,,False,False,False,0.6347137780075104,0.8652628027375152,1.0,0.847499260142311,0.5,1.0,0.1,0.9155927539338515
mp-12459,Ag3PS4,3,['Ag' 'P' 'S'],"Ag,P,S",Orthorhombic,0.9914000000000001,True,2.6388941004392983,10.112646456666665,6.963762073333332,,,0.0,-0.256124809903273,4.6642434210773995,True,False,0.0,,False,False,False,0.6840282062515147,0.9122168385911134,1.0,0.7175189437099558,0.5,1.0,0.1,0.9154674189080391
mp-27741,TeAuI,3,['Au' 'I' 'Te'],"Au,I,Te",Monoclinic,1.1214,False,3.220685185381107,15.259085733333334,10.372813063333334,,,0.0,-0.405502547222223,7.131650353385349,True,False,0.0,,False,False,False,0.8612838750534154,0.9999891111703948,1.0,0.9992364175831963,0.5,1.0,0.0,0.9152047980763925
mp-15503,Ba4TiAs4,3,['As' 'Ba' 'Ti'],"As,Ba,Ti",Cubic,1.0537,True,,,,,,0.0,-1.101933833842593,4.7685809744612975,True,False,0.0,,False,False,False,0.7740266060435026,0.9758752679184007,1.0,0.5,0.5,1.0,0.1,0.9148879416986357
mp-28711,Sb2S2O,3,['O' 'S' 'Sb'],"O,S,Sb",Triclinic,1.2374,True,,,,11.667,10.585,0.0010988941666650002,-0.9498377925,4.465751945997382,False,False,0.0006389999999990001,,False,False,False,0.9676390678769682,0.9262872484875245,0.9782618707036945,0.5,0.14301306487420284,1.0,0.1,0.9147196284057144
mp-29936,Rb2PdI6,3,['I' 'Pd' 'Rb'],"I,Pd,Rb",Orthorhombic,1.1397,True,,,,,,0.006514079166662001,-1.015393154166669,4.698641636470581,False,False,0.0,,False,False,False,0.8821657801797733,0.9978462670626926,0.8778482086906831,0.5,0.5,1.0,0.1,0.914680437277018
mp-5342,GaAgS2,3,['Ag' 'Ga' 'S'],"Ag,Ga,S",Tetragonal,0.9622,True,2.784950222527465,10.193117742968946,7.755947741955777,59.096,22.5,0.0,-0.620011173906249,4.669724656821038,True,False,0.0,,False,False,False,0.6401580852031392,0.8708043101412819,1.0,0.8251078684320948,0.4974566630845327,1.0,0.1,0.9141720143952445
mp-17980,K2MoS4,3,['K' 'Mo' 'S'],"K,Mo,S",Orthorhombic,1.412799999999999,True,,,,,,0.0,-1.108780208749999,2.52579943967571,True,False,0.0,,False,False,False,0.9835743958876588,0.6210845841271426,1.0,0.5,0.5,1.0,0.1,0.914056286590986
mp-580941,AgI,2,['Ag' 'I'],"Ag,I",Hexagonal,1.3759000000000001,True,2.235916726982469,7.119769473334294,4.999323609999998,,,0.0,-0.46775989833333204,5.809898805745882,True,False,0.0,,False,False,False,0.9959805683765033,0.6950270592518059,1.0,0.40087640359089516,0.5,1.0,0.1,0.913380661520531
mp-9564,Ca(MgAs)2,3,['As' 'Ca' 'Mg'],"As,Ca,Mg",Trigonal,1.2605,False,3.013125866936196,16.28298306666581,9.078927490000003,50.032,36.09,0.0,-1.129124516999999,3.3908339197296122,True,False,0.0,,False,False,False,0.98044298763746,0.8961315518210344,1.0,0.9513483525955347,0.4114046824840609,1.0,0.0,0.9133732008202564
mp-1202519,Ba3(AlAs2)2,3,['Al' 'As' 'Ba'],"Al,As,Ba",Orthorhombic,1.0493,True,,,,,,0.0,-0.950413470833332,4.745296093723967,True,False,0.0,,False,False,False,0.7679099684784133,0.9726126362214624,1.0,0.5,0.5,1.0,0.1,0.9128693875528227
mp-1001019,Mg(ScSe2)2,3,['Mg' 'Sc' 'Se'],"Mg,Sc,Se",Cubic,1.0918,True,,,,57.484,20.211,0.003288914642856,-1.838981400624999,4.0856496825956174,False,False,0.0,,False,False,False,0.8248859661909137,0.995591745005573,0.9363384341999181,0.5,0.48173698892123534,1.0,0.1,0.9128185607406674
mp-13277,BaLiP,3,['Ba' 'Li' 'P'],"Ba,Li,P",Hexagonal,0.9631000000000001,True,2.964456441463314,29.72374949666667,8.788001993333335,39.363,29.534,0.0,-0.9094072093253971,3.75221662641956,True,False,0.0,,False,False,False,0.6415183238601372,0.8721755993021051,1.0,0.9300883795095436,0.31950531919497577,1.0,0.1,0.9126697097062791
mp-28734,Zr6CoCl15,3,['Cl' 'Co' 'Zr'],"Cl,Co,Zr",Cubic,1.0883,True,2.216479804404556,11.926685163333152,4.912782723333259,,,0.0,-1.9129251962499998,3.491529279421773,True,False,0.0,,False,False,False,0.8203880809330041,0.9944328322126588,1.0,0.38694252685358205,0.5,1.0,0.1,0.9123033240931872
mp-10953,Sc2CdS4,3,['Cd' 'S' 'Sc'],"Cd,S,Sc",Cubic,0.9581000000000001,True,2.691029354478795,16.890790649999758,7.241638986666563,69.767,24.821,0.0,-1.794121224464285,3.495793711911953,True,False,0.0,,False,False,False,0.6339572338914202,0.864486097484936,1.0,0.7575000180076584,0.6041753108123927,1.0,0.1,0.9122047568779834
mp-569702,KPSe3,3,['K' 'P' 'Se'],"K,P,Se",Trigonal,1.4182000000000001,True,,,,,,0.0,-0.799751221618154,3.278374933214612,True,False,0.143696599999999,,False,False,False,0.9810713158149547,0.6101697999354327,1.0,0.5,0.5,1.0,0.1,0.9117932989440536
mp-15572,Na3Ca3AlAs4,4,['Al' 'As' 'Ca' 'Na'],"Al,As,Ca,Na",Hexagonal,0.9426000000000001,True,2.882288368062201,16.58300514321643,8.307586236666667,,,0.0,-0.8518214808307201,3.04661727561699,True,False,0.0011913,,False,False,False,0.6104730533880663,0.8395933969750597,1.0,0.8867534399913944,0.5,1.0,0.1,0.9115702888919847
mp-569346,CuI,2,['Cu' 'I'],"Cu,I",Hexagonal,1.211999999999999,True,2.494011013742054,7.500903036654178,6.220090936666668,38.568,15.146,0.0088824,-0.33453556833333103,5.803190190456613,False,False,0.0,,False,False,False,0.9500886338026261,0.9540661958837788,0.8372370790781775,0.6016874240703204,0.3131462926772452,1.0,0.1,0.9115091004810402
mp-505431,K2LiInAs2,4,['As' 'In' 'K' 'Li'],"As,In,K,Li",Orthorhombic,1.1838,False,2.8788820665899673,14.237652129999978,8.287961953333319,,,0.0,-0.5508561190833331,3.499412588780623,True,False,7.44e-05,,False,False,False,0.9265890485789366,0.977640214412148,1.0,0.8847719493292564,0.5,1.0,0.0,0.9110090867059448
mp-2242,GeS,2,['Ge' 'S'],"Ge,S",Orthorhombic,1.237599999999999,True,4.258636729439755,34.26772814,18.13598679333333,21.382,16.528,0.0,-0.50118695875,3.958290699903206,True,False,0.0,,False,False,False,0.9677630545752675,0.9260454161687921,1.0,0.4048213665052015,0.1942531555652839,1.0,0.1,0.9109960966014442
mp-9195,BaCuSeF,4,['Ba' 'Cu' 'F' 'Se'],"Ba,Cu,F,Se",Tetragonal,1.4265,True,2.4479107193686622,15.17975794,5.992266889999999,52.129,13.895,0.0,-2.238203543085938,5.904545697556149,True,False,0.0,,False,False,False,0.9768892102706344,0.5933912072042998,1.0,0.5644721737023973,0.4307586548555529,1.0,0.1,0.9109776751892185
mp-11677,Sr3(SiAs2)2,3,['As' 'Si' 'Sr'],"As,Si,Sr",Monoclinic,0.9176000000000001,True,3.130807566746957,17.164987219956913,9.801956020000002,,,0.0,-0.9870344161111101,4.201733442621964,True,False,0.0,,False,False,False,0.5725999349057607,0.7964526845873368,1.0,0.9874511035794573,0.5,1.0,0.1,0.9107355519514593
mp-14213,Sr4GeP4,3,['Ge' 'P' 'Sr'],"Ge,P,Sr",Cubic,1.044699999999999,True,,,,,,0.0,-1.118488307850528,3.6857359405972643,True,False,0.0,,False,False,False,0.7614684558181107,0.9689904719583817,1.0,0.5,0.5,1.0,0.1,0.9107156847482849
mp-556714,BaCu6(GeS4)2,4,['Ba' 'Cu' 'Ge' 'S'],"Ba,Cu,Ge,S",Orthorhombic,1.227999999999999,True,,,,,,0.010002475281866001,-0.7440582091176461,4.677831406462983,False,False,0.002350799999999,,False,False,False,0.9615583782382687,0.9372548956126788,0.8186902222935166,0.5,0.5,1.0,0.1,0.9106503844748481
mp-1205338,Ca3(AlAs2)2,3,['Al' 'As' 'Ca'],"Al,As,Ca",Monoclinic,1.1101,False,3.13989410861789,20.56350460666667,9.858935013333335,,,0.0,-1.143821291666667,3.605650457798824,True,False,0.0,,False,False,False,0.8477506076050141,0.9994556482132231,1.0,0.989281582850422,0.5,1.0,0.0,0.9102482365608003
mp-569237,Ga(BiCl)4,3,['Bi' 'Cl' 'Ga'],"Bi,Cl,Ga",Hexagonal,1.422499999999999,True,,,,,,0.0,-0.9225250832407421,5.335332121115246,True,False,0.3333232,,False,False,False,0.9789550700234271,0.6014763543039114,1.0,0.5,0.5,1.0,0.1,0.9099602206514434
mp-9798,Rb(SbSe2)2,3,['Rb' 'Sb' 'Se'],"Rb,Sb,Se",Triclinic,1.1191,False,3.059960197453555,22.25726505333334,9.363356410000003,,,0.0,-0.767052543124999,4.876833880010663,True,False,0.0,,False,False,False,0.8585674527580289,0.9999955000101249,1.0,0.9684074753074007,0.5,1.0,0.0,0.9099023094871361
mp-1190401,BaAgSbS3,4,['Ag' 'Ba' 'S' 'Sb'],"Ag,Ba,S,Sb",Monoclinic,1.422899999999999,True,,,,,,0.0,-1.118060334027777,4.632952646874406,True,False,0.0005821,,False,False,False,0.9787526919842504,0.600667712183819,1.0,0.5,0.5,1.0,0.1,0.9097883298236353
