material_id,formula,nelements,elements,crystal_system,band_gap,is_gap_direct,n,e_total,e_electronic,bulk_modulus_vrh,shear_modulus_vrh,energy_above_hull,formation_energy_per_atom,density,is_stable,is_magnetic,total_magnetization,weighted_work_function,theoretical,band_gap_score_sq,band_gap_score_si,dielectric_score,mechanical_score,stability_score,magnetic_score,direct_gap_bonus,semiconductor_score
mp-4763,ZnSiP2,3,['P' 'Si' 'Zn'],Tetragonal,1.3641,True,3.244916413407285,12.41888436999372,10.529482530000003,84.953,54.178,0.0,-0.39165684148809604,3.418565574455873,True,False,0.0,,False,0.9981866149231168,0.7181859772588667,0.9999770288392673,0.7543960325132054,1.0,1.0,0.1,1.0327107078968198
mp-554921,Hg(BiS2)2,3,['Bi' 'Hg' 'S'],Monoclinic,1.1861,True,3.166739988306383,447.85653419126294,10.028242153538711,,,0.0,-0.582541794642855,6.768877831478459,True,False,0.0,,False,0.9286565740283568,0.9760188405736777,0.9938569642551237,0.5,1.0,1.0,0.1,1.0276455142314094
mp-776470,Hf3N4,2,['Hf' 'N'],Orthorhombic,1.2648000000000001,True,3.118178114433704,49.390316786666666,9.723034753333332,,,0.0,-1.9739463853571442,11.710480923591549,True,False,0.0,,True,0.9824832340150973,0.8900447331475027,0.9846724504970849,0.5,1.0,1.0,0.1,1.0268283860504626
mp-1016197,MgSiAs2,3,['As' 'Mg' 'Si'],Tetragonal,1.303199999999999,True,3.189110265680173,12.39872379000001,10.170424286666664,57.986,28.695,0.0,-0.297332561249999,3.590920896404339,True,False,0.0,,False,0.9957769422929577,0.8298943388472038,0.9967098158948182,0.4866159711604422,1.0,1.0,0.1,1.021596455900587
mp-1078908,Ca2CdP2,3,['Ca' 'Cd' 'P'],Orthorhombic,1.2927,True,3.055397555692767,18.318321033333334,9.335454223333334,,,0.0,-0.8925133748571411,3.544535939395362,True,False,0.0,,False,0.993032852644596,0.8473037283164417,0.96689795047401,0.5,1.0,1.0,0.1,1.0203884649797168
mp-1009085,BeSiP2,3,['Be' 'P' 'Si'],Tetragonal,1.1502,True,3.078094525297536,10.630906893333336,9.474665906666669,,,0.0,-0.37259544357142804,2.470076621534859,True,False,0.0,,True,0.8935302181293778,0.9949459261393733,0.9740740095172147,0.5,1.0,1.0,0.1,1.0187355448808326
mp-1205337,Ca3(AlP2)2,3,['Al' 'Ca' 'P'],Monoclinic,1.248199999999999,True,2.945895330795037,18.85129137,8.678299299999999,,,0.0,-1.176275938544974,2.467476688095708,True,False,0.0,,False,0.9740086202689179,0.9127375588984002,0.9210839157114367,0.5,1.0,1.0,0.1,1.018575376258705
mp-541582,ReSe2,2,['Re' 'Se'],Triclinic,1.1434,True,3.4174776278224073,12.10478996666667,11.679153336666667,,,0.0,-0.46316581770832904,8.62376120443585,True,False,0.0,,False,0.8862234803721393,0.9969626221939075,0.9753760135602375,0.5,1.0,1.0,0.1,1.0174066654561567
mp-12955,HoAgSe2,3,['Ag' 'Ho' 'Se'],Orthorhombic,1.271199999999999,True,2.950631936269472,19.334861773333333,8.706228823333333,,,0.0,-1.4328078040885401,7.279367599243141,True,False,0.0,,False,0.9853168641979186,0.8807266267559613,0.9234271914040325,0.5,1.0,1.0,0.1,1.0169522887734788
mp-1105549,BaHfS3,3,['Ba' 'Hf' 'S'],Orthorhombic,1.252399999999999,True,2.925186827651639,58.18681615,8.556717976666667,,,0.0,-2.139777798999998,5.547751676715811,True,False,0.0,,False,0.9763047475148666,0.9072043459094575,0.9104821587130539,0.5,1.0,1.0,0.1,1.0167291625720933
mp-1189305,Sr3(AlAs2)2,3,['Al' 'As' 'Sr'],Monoclinic,1.1456,True,3.053276003464693,18.091156726666668,9.322494353333333,,,0.0,-1.154644779999999,4.2093865976078995,True,False,0.0,,False,0.88860896466884,0.9963657311103974,0.9661846692387737,0.5,1.0,1.0,0.1,1.0165348012195856
mp-1188559,YAgSe2,3,['Ag' 'Se' 'Y'],Orthorhombic,1.279799999999999,True,2.9559120825897383,18.834348369999997,8.73741624,,,0.0,-1.42491480703125,5.910619697520829,True,False,0.0,,False,0.9887387628215009,0.8677367542022344,0.9260028576085115,0.5,1.0,1.0,0.1,1.016245632476987
mp-4044,ErAgSe2,3,['Ag' 'Er' 'Se'],Orthorhombic,1.2801,True,2.947586116921211,18.908711676666666,8.688263916666665,,,0.0,-1.432454579713541,7.379786196461983,True,False,0.0,,False,0.9888500948941079,0.8672742292018637,0.9219239120573463,0.5,1.0,1.0,0.1,1.0155922449124084
mp-34034,Ba8P5Br,3,['Ba' 'Br' 'P'],Tetragonal,1.308799999999999,True,2.949222794794136,27.357569746666666,8.697915093333334,,,0.0,-1.200256503443875,4.566781995836918,True,False,0.0,,True,0.9969626221939073,0.8203450601124789,0.9227332897923375,0.5,1.0,1.0,0.1,1.0107024080341993
mp-19913,Ba3(InP2)2,3,['Ba' 'In' 'P'],Monoclinic,1.1092,True,3.11620567945485,21.836599606666663,9.710737836666667,,,0.0,-0.785818917433863,4.6027329881611525,True,False,0.0,,False,0.8466528725789252,0.9993522099066577,0.9842139968748101,0.5,1.0,1.0,0.1,1.0091981491619515
mp-29163,Ag2TeS3,3,['Ag' 'S' 'Te'],Monoclinic,1.2999,True,2.8878845573649,13.06676703666667,8.339877216666666,,,0.0,-0.078949780572917,5.146247485897094,True,False,0.0,,False,0.9949875730982791,0.8354372357468912,0.8899786003007326,0.5,1.0,1.0,0.1,1.0075592686817134
mp-13275,NaSrP,3,['Na' 'P' 'Sr'],Hexagonal,1.2357,True,2.804893800128625,18.46827177999928,7.86742923,,,0.0,-0.963640314880952,3.090204867365227,True,False,0.0,,False,0.9665760656575553,0.9283287161861241,0.8385288864646485,0.5,1.0,1.0,0.1,1.0066726568120048
mp-14206,K3Ag3As2,3,['Ag' 'As' 'K'],Trigonal,1.2533,True,2.810603582269593,14.594461903194242,7.89949249666667,,,0.0,-0.350068366468748,4.425705732686266,True,False,0.0,,False,0.9767834677370404,0.9059999251495466,0.842301647880407,0.5,1.0,1.0,0.1,1.006441102888753
mp-2961,MgSiP2,3,['Mg' 'P' 'Si'],Tetragonal,1.3728,True,2.9358924770274992,11.598041706669477,8.619464636666669,72.206,34.75,0.0,-0.411262341071428,2.2814030052604393,True,False,0.0,,False,0.9966436451938474,0.7011429038747964,0.9160348026428794,0.6288206316719919,1.0,1.0,0.1,1.0046196304433124
mp-8882,GaP,2,['Ga' 'P'],Hexagonal,1.3002,True,3.210822225951892,12.487942666668685,10.309379366666667,76.25,51.856,0.008458759999999,-0.5004573739880961,4.131501206922352,False,False,0.0,,True,0.9950621066776572,0.8349359845980654,0.9986365765480176,0.6694768579912135,0.8443609583865384,1.0,0.1,1.0018393362370825
mp-11178,SrCeN2,3,['Ce' 'N' 'Sr'],Trigonal,1.267999999999999,True,,,,114.646,56.597,0.0,-1.424325386874997,6.18173603294918,True,False,0.0,,False,0.9839305142725079,0.8854237908363045,0.5,0.9677878247876455,1.0,1.0,0.1,1.000574979672337
mp-4666,CdSiP2,3,['Cd' 'P' 'Si'],Tetragonal,1.4257,True,3.289249344962059,13.51971566666972,10.819161253333334,74.415,39.677,0.0,-0.272582178988093,3.960434743397996,True,False,0.0,,False,0.9773098516122082,0.5950079572479298,0.9986315939404006,0.6510792423516344,1.0,1.0,0.1,0.9984813198164649
mp-10930,TbSF,3,['F' 'S' 'Tb'],Tetragonal,1.2587,True,,,,105.651,55.746,0.0,-3.3604610242708333,7.129524793647941,True,False,0.0,,False,0.9795565778943807,0.8986370471576257,0.5,0.9209554792495858,1.0,1.0,0.1,0.9967802494721975
mp-3931,SmSF,3,['F' 'S' 'Sm'],Tetragonal,1.229699999999999,True,,,,101.622,51.669,0.0,-3.317725045833334,6.468957202528947,True,False,0.0,,False,0.9626946194348831,0.93532982717957,0.5,0.8941795063273748,1.0,1.0,0.1,0.9953910795683937
mp-1222618,Li2ZnCdP2,4,['Cd' 'Li' 'P' 'Zn'],Trigonal,1.0652,True,3.217807466272648,18.069011590000002,10.35428489,,,0.0,-0.592752897380952,4.093143272219594,True,False,0.0,,True,0.7897929156281214,0.9834548442217677,0.9990792159795358,0.5,1.0,1.0,0.1,0.9948283379372258
mp-10931,HoSF,3,['F' 'Ho' 'S'],Tetragonal,1.299599999999999,True,,,,110.246,56.989,0.0,-3.333161717604165,7.5402904554460175,True,False,0.0,,False,0.9949124854632923,0.8359379518818737,0.5,0.9472452023751756,1.0,1.0,0.1,0.9938433343856216
mp-1029275,SrZrN2,3,['N' 'Sr' 'Zr'],Tetragonal,1.227199999999999,True,2.679845442060667,32.88616595333334,7.181571593333332,,,0.0,-1.5902214531249999,5.034301211930637,True,False,0.0,,True,0.9610181342524781,0.9381517566811396,0.7490446833166281,0.5,1.0,1.0,0.1,0.9933339995627847
mp-10086,YSF,3,['F' 'S' 'Y'],Tetragonal,1.3132000000000001,True,2.412418044203781,17.563756746666666,5.819760819999999,104.335,54.195,0.0,-3.332084884270834,4.783357557393636,True,False,0.0,,False,0.9977580170066324,0.8127205138008097,0.5360144007147909,0.9125749761564487,1.0,1.0,0.1,0.9930072390446429
mp-5760,NdSF,3,['F' 'Nd' 'S'],Tetragonal,1.2363,True,,,,98.364,49.193,0.0,-3.354096816770832,6.023136665432264,True,False,0.0,,False,0.9669531038408284,0.9276110861649796,0.5,0.870223617380247,1.0,1.0,0.1,0.9929023006229786
mp-27175,InOF,3,['F' 'In' 'O'],Orthorhombic,1.330699999999999,True,,,,135.341,57.034,0.0,-2.375712292222223,6.544948070996765,True,False,1e-07,,False,0.9997297552726865,0.7814250370866086,0.5,0.9960458548291378,1.0,1.0,0.1,0.9917507798640766
mp-1009087,BeSiAs2,3,['As' 'Be' 'Si'],Tetragonal,1.0226,True,3.3017091412378132,11.821038756666669,10.901283253333334,76.364,57.845,0.0,-0.20533040624999901,4.094300011489495,True,False,0.0,,True,0.729919426929897,0.9486605637032419,0.9976260797382425,0.6706161232470764,1.0,1.0,0.1,0.9914844655734044
mp-1029562,Li3InN2,3,['In' 'Li' 'N'],Cubic,1.135999999999999,True,2.5386855969182163,17.98396652,6.444924560000003,85.511,58.145,0.0,-0.485028834583333,4.231908765257968,True,False,0.0,,True,0.8780515272466151,0.9985787886565145,0.6377879017150959,0.759649021029653,1.0,1.0,0.1,0.9909327874703606
mp-3992,PrSF,3,['F' 'Pr' 'S'],Tetragonal,1.2541,True,,,,96.139,47.45,0.0,-3.3434663914930542,5.777548769814879,True,False,0.0,,False,0.9772050407512056,0.9049238341356852,0.5,0.852787007111549,1.0,1.0,0.1,0.990318536019309
mp-1228963,AlAgSnSe4,4,['Ag' 'Al' 'Se' 'Sn'],Tetragonal,1.1072,True,2.836154547975127,10.966966463333335,8.04377262,,,0.0,-0.769702025148809,4.7683876179410625,True,False,1.6400000000000002e-05,,True,0.8442032464902445,0.9990901919043661,0.8587836306173231,0.5,1.0,1.0,0.1,0.9897318850008144
mp-9843,Sr3(AlP2)2,3,['Al' 'P' 'Sr'],Monoclinic,1.3365,True,2.868023953293743,16.940428106666673,8.22556139666667,51.236,29.669,0.0,-1.163182541878307,3.259068581765055,True,False,0.0,,False,0.9999617194827177,0.7707421563691875,0.8783642080747736,0.422471030152478,1.0,1.0,0.1,0.9896034875525214
mp-553278,Nd4Se3O4,3,['Nd' 'O' 'Se'],Orthorhombic,1.323299999999999,True,2.750379720450735,22.304735046666668,7.564588606666668,,,0.0,-3.134966523366476,6.616116092586185,True,False,0.0,,False,0.9991288484230527,0.7948387178358618,0.8010076181985011,0.5,1.0,1.0,0.1,0.9891591625109176
mp-1190,ZnSe,2,['Se' 'Zn'],Cubic,1.1663000000000001,True,2.705908309606958,10.714932109999985,7.321939779999988,56.491,27.288,0.0,-0.9515610311718761,5.274845268778988,True,False,0.0,,False,0.910021975146659,0.9881612471940318,0.7686320484891184,0.47213219368156295,1.0,1.0,0.1,0.9882377075072935
mp-1223929,InCuGeS4,4,['Cu' 'Ge' 'In' 'S'],Tetragonal,1.1346,True,2.738585287455307,10.585205313333335,7.499849376666667,,,0.0,-0.70224098595238,3.927119866219554,True,False,9.580000000000002e-05,,True,0.8764802348155302,0.9988164786922068,0.7925620722123751,0.5,1.0,1.0,0.1,0.9878268413395698
mp-10932,ErSF,3,['Er' 'F' 'S'],Tetragonal,1.324399999999999,True,,,,108.999,58.212,0.0,-3.323758545381942,7.739259604601134,True,False,0.0,,False,0.9992397891068316,0.7928608421321822,0.5,0.9405825764860056,1.0,1.0,0.1,0.9877973312451357
mp-8136,ThSO,3,['O' 'S' 'Th'],Tetragonal,1.114499999999999,True,,,,135.883,63.691,0.0,-3.4304611374999983,8.692176439657416,True,False,0.0,,False,0.8530756646607964,0.9998319585649882,0.5,0.9952046334104213,1.0,1.0,0.1,0.9877641732909894
mp-1209018,Sc2TlCu3S5,4,['Cu' 'S' 'Sc' 'Tl'],Orthorhombic,1.048899999999999,True,3.245384544754801,23.848826329999998,10.532520843333332,,,0.0,-1.251640933712121,5.213283674681593,True,False,0.000949,,True,0.7673517089755529,0.9723062034557016,0.9999810646885016,0.5,1.0,1.0,0.1,0.9876810174655186
mp-1029791,MgSnN2,3,['Mg' 'N' 'Sn'],Orthorhombic,1.0648,True,2.517424400056534,10.50678744,6.33742561,119.793,61.364,0.0,-0.5252638456250001,5.090742861541945,True,False,0.0,,True,0.7892501196061393,0.9832144735285728,0.6206193537576268,0.9856343448790598,1.0,1.0,0.1,0.9864510384823707
mp-30533,KPt2S3,3,['K' 'Pt' 'S'],Trigonal,1.273899999999999,True,2.856511406126944,11.930129953333335,8.159657413333335,31.59,13.097,0.0,-0.802294120364583,6.253417026308305,True,False,0.0,,False,0.986439008829321,0.8767051904191728,0.8714214269847651,0.2605205986969361,1.0,1.0,0.1,0.9848808046876145
mp-1029403,RbGe2N3,3,['Ge' 'N' 'Rb'],Orthorhombic,1.0881,True,2.410618574833715,11.943971476666666,5.811081913333333,129.861,83.772,0.0,-0.21516139958333302,5.438251544153276,True,False,3.799999999999998e-06,,True,0.820129904417191,0.9943625614421122,0.5345785488440165,0.9999973165313782,1.0,1.0,0.1,0.9843733743003549
mp-570084,Hg3AsSe4I,4,['As' 'Hg' 'I' 'Se'],Hexagonal,1.2264,True,2.7844323862024973,17.238176460000002,7.753063713333333,,,0.0043866630555540005,-0.456689332152779,6.448460575018326,False,False,0.002683199999999,,True,0.9604743518934165,0.9390427982963148,0.8247544990898874,0.5,0.916005178343022,1.0,0.1,0.9836894771670399
mp-29898,Tl2Au4S3,3,['Au' 'S' 'Tl'],Orthorhombic,1.1385,True,3.072279983443349,20.84146929,9.438904296666665,18.684,7.562,0.0,-0.40882017379629804,9.692571714625545,True,False,0.0,,False,0.8808375777762577,0.9981004176058335,0.9723154150981493,0.17888588288629825,1.0,1.0,0.1,0.9836603576382915
mp-504952,InGaSe3,3,['Ga' 'In' 'Se'],Hexagonal,1.3166,True,2.677750244763939,12.210389283364057,7.170346373333335,,,0.0,-0.7055558967708331,5.122929557129563,True,False,0.0,,True,0.9982903381397255,0.8067585186482545,0.7474527017324764,0.5,1.0,1.0,0.1,0.982704267592041
mp-570957,CsSiTe3,3,['Cs' 'Si' 'Te'],Monoclinic,1.261299999999999,True,2.594704750063097,11.818760543333333,6.73249274,,,0.0,-0.580539921999999,4.467287672887058,True,False,0.0,,False,0.9808308295297488,0.8950098993877657,0.6827002180318233,0.5,1.0,1.0,0.1,0.9818642249953756
mp-14001,Ba4SiAs4,3,['As' 'Ba' 'Si'],Cubic,1.0362,True,3.153000144307006,21.3457425,9.941409910000003,,,0.0,-0.9948720494444391,4.795156075045837,True,False,0.0,,False,0.7494466648091772,0.9617376721695602,0.9916713463525934,0.5,1.0,1.0,0.1,0.9803730189806174
mp-28347,K3Al2As3,3,['Al' 'As' 'K'],Monoclinic,1.1862,True,2.589467997485197,12.75593833,6.70534451,,,0.0,-0.5576802861562501,2.931152546592913,True,False,0.0,,False,0.9287458744553815,0.9759471058251799,0.678531436884352,0.5,1.0,1.0,0.1,0.9803582500202752
mp-41095,Na3Sr3AlP4,4,['Al' 'Na' 'P' 'Sr'],Hexagonal,1.1229,True,2.692650217412824,15.778352140102614,7.250365193333331,,,0.0,-0.8192449788826681,2.809473721927247,True,False,0.0023737,,True,0.8630447102959712,0.9999532788692438,0.7587193292704113,0.5,1.0,1.0,0.1,0.979562068794941
mp-7910,Al2HgTe4,3,['Al' 'Hg' 'Te'],Tetragonal,1.1108,True,3.067445509975143,13.5947930866496,9.40922195666667,25.112,15.86,0.0,-0.47700404821428505,5.503380227317927,True,False,0.0,,False,0.8486024153005634,0.9995298883149205,0.9708112302298803,0.21697241017935007,1.0,1.0,0.1,0.979399012624796
mp-1211088,LiCaP,3,['Ca' 'Li' 'P'],Orthorhombic,1.398699999999999,True,2.870311300770934,17.987568916666664,8.238686963333333,,,0.0,-1.190043544047618,2.260729897133163,True,False,0.0,,True,0.9892899837868541,0.6495207472263916,0.8797255099039655,0.5,1.0,1.0,0.1,0.976709434516267
mp-2176,ZnTe,2,['Te' 'Zn'],Cubic,1.073299999999999,True,3.002871076153622,11.975580520000014,9.01723470000001,42.833,22.571,0.0,-0.6841630333333321,5.616959252306423,True,False,0.0,,False,0.8006929159610328,0.9879570483042233,0.9471603756282265,0.3480915682008541,1.0,1.0,0.1,0.9752499994002111
mp-571195,ZnTe,2,['Te' 'Zn'],Trigonal,1.069,True,3.033265918664786,12.204421710001354,9.200702133333332,,,0.0036891283333320003,-0.680473905,5.424327600796479,False,False,0.001023099999999,,False,0.7949284844824451,0.9856539001953452,0.9591053402981958,0.5,0.9288736399773914,1.0,0.1,0.9726644171889902
mp-1029633,CaSnN2,3,['Ca' 'N' 'Sn'],Orthorhombic,1.3787,True,2.451490991213306,11.280625756666666,6.00980808,95.413,36.268,0.0,-0.612578144375,4.671623566642753,True,False,0.0,,True,0.9953306541993115,0.6894856536261494,0.5673548438531382,0.8469214724093044,1.0,1.0,0.1,0.9720508854126514
mp-9666,K2NaGaP2,4,['Ga' 'K' 'Na' 'P'],Orthorhombic,1.307899999999999,True,2.569957001477921,13.13974034701159,6.6046789894453894,,,0.0,-0.44336723544416906,2.537849676287867,True,False,0.0,,False,0.9967851474905652,0.8218916360638874,0.6629377369439836,0.5,1.0,1.0,0.1,0.9719206928238219
mp-14091,AlAgSe2,3,['Ag' 'Al' 'Se'],Tetragonal,1.135199999999999,True,2.654281432578944,9.700932379998548,7.045209923333334,52.422,18.993,0.0,-0.7432121020312501,4.941582476882665,True,False,0.0,,False,0.8771546169849802,0.9987172678495436,0.7294609571196627,0.433492232705881,1.0,1.0,0.1,0.971864611262214
mp-1101989,SrLiAs,3,['As' 'Li' 'Sr'],Orthorhombic,1.0323,True,2.989361027599934,19.761943229999996,8.936279353333333,,,0.0,-1.199801943055556,4.042408789528388,True,False,0.0,,False,0.743882057746248,0.958170646609911,0.9414024014795013,0.5,1.0,1.0,0.1,0.9709064716499738
mp-2412,LiP5,2,['Li' 'P'],Orthorhombic,1.3673,True,3.253667481986033,15.268706080000001,10.586352083333333,,,0.007694938690475,-0.239052472757935,2.336345668034438,False,False,0.0,,False,0.9976736788389129,0.7119392300812674,0.9999880441389226,0.5,0.8573588037846374,1.0,0.1,0.9705472117889161
mp-380,ZnSe,2,['Se' 'Zn'],Hexagonal,1.2004000000000001,True,2.679053952423709,10.399639229993161,7.177330079997098,56.264,27.422,0.004020032499999,-0.947540998671876,5.27537563285386,False,False,0.0,,False,0.9409168563457146,0.9647251855641463,0.7484435787127561,0.4699454903940965,0.9227465739020937,1.0,0.1,0.9698857212428972
mp-3917,Cd2GeO4,3,['Cd' 'Ge' 'O'],Orthorhombic,1.0923,True,,,,99.731,33.82,0.0,-1.761721731071428,6.186916845450345,True,False,0.0,,False,0.8255253716139366,0.9957463502823827,0.5,0.8805120050304419,1.0,1.0,0.1,0.9687944959488856
mp-10577,Sr5NbN5,3,['N' 'Nb' 'Sr'],Orthorhombic,1.2468,True,2.47744890428306,17.807999343333332,6.137753073333333,,,0.0,-1.0419662175,4.635683250236905,True,False,0.0017737,,False,0.97322060098646,0.9145496180882496,0.5882988724298707,0.5,1.0,1.0,0.1,0.9687324238243331
mp-5475,NaTaN2,3,['N' 'Na' 'Ta'],Trigonal,1.276499999999999,False,2.985629431125035,18.270443166655962,8.913983100000003,136.044,88.887,0.0,-1.139296941208332,8.088367141260694,True,False,0.0,,False,0.9874782761838514,0.8727832327197194,0.9397644291724494,0.9949392467581429,1.0,1.0,0.0,0.9682456430056025
mp-1080438,SrAgTeF,4,['Ag' 'F' 'Sr' 'Te'],Tetragonal,1.284699999999999,True,2.504315969148728,15.605032396666667,6.271598473333334,,,0.0,-2.160155414583333,6.034281461051804,True,False,0.0025533,,False,0.9904889872796147,0.8601052616130825,0.6100209779489452,0.5,1.0,1.0,0.1,0.9681411827542079
mp-1106156,Cs2Hg3Se4,3,['Cs' 'Hg' 'Se'],Orthorhombic,1.195399999999999,True,2.4622368028549433,50.68174248666668,6.062610073333334,,,0.0,-0.805449093465041,6.251086252754691,True,False,0.0061178,,False,0.9367478607542795,0.9689093493186902,0.5760167507310228,0.5,1.0,1.0,0.1,0.9659258801960268
mp-1029903,LiNbN2,3,['Li' 'N' 'Nb'],Orthorhombic,1.1528,False,3.096098393139339,84.33003217666668,9.585825259999998,110.992,59.002,0.0,-1.088772831666666,4.431310932334379,True,False,0.0,,True,0.8962714090406686,0.9940409371790152,0.9791661276928074,0.9510571534286877,1.0,1.0,0.0,0.9651546273338093
mp-23202,InI,2,['I' 'In'],Orthorhombic,1.3412,True,2.90830753704002,43.32669413888518,8.45825273000379,13.331,7.457,0.0,-0.6524206583333321,5.312211809671205,True,False,0.0,,False,0.9999955000101249,0.7619836179939293,0.9014225958353561,0.15099512660825415,1.0,1.0,0.1,0.9646093197377493
mp-540771,BaZrS3,3,['Ba' 'S' 'Zr'],Orthorhombic,0.9900000000000001,True,3.096349327299274,110.36956133666666,9.587379156666666,69.975,33.616,0.0,-2.107697715499998,4.262395303692848,True,False,0.0,,False,0.6819407511903482,0.9103839103891423,0.9792333011177682,0.6062779386190433,1.0,1.0,0.1,0.964555563385528
mp-556866,Ag2HgSI2,4,['Ag' 'Hg' 'I' 'S'],Orthorhombic,1.2212,True,2.428788339206746,11.688167266666662,5.899012796666665,,,0.0,-0.44160478972222206,5.874190989845033,True,False,0.0007698,,False,0.9568539610093969,0.9446914725321528,0.5491099819778823,0.5,1.0,1.0,0.1,0.9632837084288545
mp-8017,AlCuTe2,3,['Al' 'Cu' 'Te'],Tetragonal,1.0186,True,3.1705263721764982,11.698825069973717,10.052237476666667,49.905,24.581,0.0,-0.42519420625000104,5.249753008760489,True,False,0.0,,False,0.7241142284059993,0.9444788359194437,0.9944014572296641,0.4102447880282756,1.0,1.0,0.1,0.9628850798766935
mp-17696,Ba2VN3,3,['Ba' 'N' 'V'],Orthorhombic,1.3876,True,2.6916708658377972,21.496166623333334,7.24509205,,,0.0,-1.216871307916668,5.422509321080526,True,False,0.0,,False,0.992944507683016,0.6717748763616826,0.7579827905316422,0.5,1.0,1.0,0.1,0.9626997769547527
mp-685991,Li5SiP3,3,['Li' 'P' 'Si'],Monoclinic,1.3160999999999992,True,2.684860754407294,11.276480253283315,7.208477270556504,35.658,27.044,0.0,-0.5903389078439151,1.6911177721127921,True,False,0.0,,True,0.9982165609707527,0.8076390378949084,0.7528453601700535,0.2904951299442614,1.0,1.0,0.1,0.9626763129468585
mp-676038,Ga5(PS)3,3,['Ga' 'P' 'S'],Orthorhombic,1.3431,True,2.82555078406553,11.383797023333331,7.983737233333332,,,0.006348882272723001,-0.633748253851461,3.835141574183052,False,False,0.0,,True,0.9999699692009335,0.7584184084766166,0.8520247721764658,0.5,0.8807533612182139,1.0,0.1,0.9617473097027492
mp-1029262,VZn2N3,3,['N' 'V' 'Zn'],Orthorhombic,1.1715,False,3.004104068880881,17.842527676666666,9.024641256666667,152.958,60.484,0.0,-0.5782362400000001,5.36983395770496,True,False,0.0,,True,0.9150964757835534,0.9853733025746244,0.9476723139834942,0.9294110863604602,1.0,1.0,0.0,0.961672070065652
mp-14092,AlAgTe2,3,['Ag' 'Al' 'Te'],Tetragonal,1.0469,True,2.971322437344467,10.953366963334181,8.828757026666667,42.2,16.77,0.0,-0.43926148875000204,5.285977139432593,True,False,0.0,,False,0.7645550248516392,0.9707496001948873,0.9332966615164704,0.34277801695333376,1.0,1.0,0.1,0.9610234971649467
mp-1479,BP,2,['B' 'P'],Cubic,1.243499999999999,False,3.029083443882197,9.272071146925382,9.175346510001235,162.017,161.948,0.0,-0.48330429523809504,2.9813687825821953,True,False,0.0,,False,0.9713185688341496,0.9187559776208952,0.957546069966509,0.8672973701938436,1.0,1.0,0.0,0.9610046863660324
mp-31231,Sr5Mo2N7,3,['Mo' 'N' 'Sr'],Triclinic,1.2258,True,2.400779846216641,15.645945036666667,5.76374387,,,0.0,-1.086088278214286,4.822175671442805,True,False,0.0,,False,0.9600641968858284,0.939707249535528,0.5267420449613475,0.5,1.0,1.0,0.1,0.9599834433959884
mp-1029702,MgTiN2,3,['Mg' 'N' 'Ti'],Orthorhombic,1.1932,True,2.9374048659772223,51.589099510000004,8.628347346666667,161.671,77.978,0.024058637499999,-1.460463827083334,3.562500762679103,False,False,0.0006657,,True,0.934873082078144,0.9706707030309415,0.9168068917823552,0.8699558539127339,0.6180581389366865,1.0,0.1,0.9583500298669755
mp-4324,Tm2CdS4,3,['Cd' 'S' 'Tm'],Cubic,1.1785,True,,,,64.903,23.205,0.0,-1.9535404828571452,5.596827461615331,True,False,0.0,,False,0.9217262289435556,0.9811670975774323,0.5,0.5551270618046222,1.0,1.0,0.1,0.9581193280529658
mp-14476,LiRhO2,3,['Li' 'O' 'Rh'],Cubic,1.3031000000000001,True,,,,124.841,39.318,0.008763964999999001,-1.547060963333332,6.201423547127447,False,False,0.0,,False,0.9957540085693529,0.830063239530219,0.5,0.9963102570866045,0.8392225931626625,1.0,0.1,0.957884662071197
mp-8884,ZnTe,2,['Te' 'Zn'],Hexagonal,1.100299999999999,True,2.9594034657900092,11.51668348336608,8.758068873329917,42.546,22.507,0.005251757499999001,-0.6789112758333321,5.610196464017319,False,False,0.0,,True,0.8356459325647501,0.9978462670626923,0.9276846521908827,0.3456770594750679,0.9002928767354937,1.0,0.1,0.957382046160604
mp-557090,Bi2Au5F21,3,['Au' 'Bi' 'F'],Tetragonal,1.2285,True,,,,,,0.0,-1.7513867525,6.469429976858691,True,False,0.0353481,,False,0.9618942310928135,0.9366914103862597,0.5,0.5,1.0,1.0,0.1,0.9559772693311422
mp-1195835,Ga2SbTe4Cl7,4,['Cl' 'Ga' 'Sb' 'Te'],Monoclinic,1.230899999999999,True,,,,,,0.0,-1.158352289761904,3.554000429570283,True,False,0.0077354,,False,0.9634870023548487,0.9339552797786662,0.5,0.5,1.0,1.0,0.1,0.9559650425555121
mp-1112112,Cs2TlAsBr6,4,['As' 'Br' 'Cs' 'Tl'],Cubic,1.2314,True,,,,,,0.0,-1.421802531014368,4.297186140169187,True,False,0.000882,,True,0.9638147942275607,0.933378740418249,0.5,0.5,1.0,1.0,0.1,0.9559605096196275
mp-866654,Cs2MoSe4,3,['Cs' 'Mo' 'Se'],Orthorhombic,1.224,True,,,,,,0.0,-1.135338229812192,4.263696401057949,True,False,0.0,,False,0.9588218382820232,0.9416808249017046,0.5,0.5,1.0,1.0,0.1,0.9559575833057614
mp-9518,NdZnPO,4,['Nd' 'O' 'P' 'Zn'],Trigonal,1.231799999999999,True,,,,,,0.0,-1.996526119285714,5.903077751154217,True,False,0.0,,False,0.964076023431754,0.932915899357075,0.5,0.5,1.0,1.0,0.1,0.9559563907614997
mp-680333,Ge4Se9,2,['Ge' 'Se'],Orthorhombic,1.2221,True,,,,,,0.0,-0.564213325853364,4.069741392228336,True,False,0.0,,False,0.9574911687092761,0.943731681546736,0.5,0.5,1.0,1.0,0.1,0.9559325444093294
mp-4841,LaCuS2,3,['Cu' 'La' 'S'],Monoclinic,1.234599999999999,True,,,,,,0.0,-1.686310688906248,5.353256881280149,True,False,0.0,,False,0.9658795664054515,0.9296361555285153,0.5,0.5,1.0,1.0,0.1,0.9559153149306401
mp-542011,Cs4Ti3S14,3,['Cs' 'S' 'Ti'],Monoclinic,1.2347000000000001,True,,,,,,0.0,-1.352461642077174,3.172142404220628,True,False,0.0,,False,0.9659431656319355,0.9295177377543047,0.5,0.5,1.0,1.0,0.1,0.9559134520711295
mp-8269,Lu2CdS4,3,['Cd' 'Lu' 'S'],Cubic,1.2348,True,,,,,,0.0,-1.938034772797619,5.824869883615719,True,False,0.0,,False,0.9660067086707469,0.9293992317976566,0.5,0.5,1.0,1.0,0.1,0.9559115619373352
mp-3538,Hg3TeO6,3,['Hg' 'O' 'Te'],Cubic,1.236899999999999,True,,,,,,0.0,-1.021876178416671,8.815886151058477,True,False,0.0,,False,0.9673281126069682,0.9268903033278921,0.5,0.5,1.0,1.0,0.1,0.9558655736509258
mp-1190834,SrNdCuS3,4,['Cu' 'Nd' 'S' 'Sr'],Orthorhombic,1.2165,True,,,,,,0.0,-1.909333639166665,4.663379296856315,True,False,0.0004994999999990001,,False,0.9534547791338613,0.9495807361012477,0.5,0.5,1.0,1.0,0.1,0.9558008051986524
mp-3772,Cd(GaSe2)2,3,['Cd' 'Ga' 'Se'],Tetragonal,1.3487,True,2.728552617536753,11.058450076666816,7.444999386666666,31.353,18.984,0.0,-0.8853534391964281,5.163480131897585,True,False,0.0,,False,0.9997634967213107,0.7478326503214981,0.7852953088054155,0.25883621112457966,1.0,1.0,0.1,0.9557936891618226
mp-9194,SmCuSeO,4,['Cu' 'O' 'Se' 'Sm'],Tetragonal,1.286499999999999,True,,,,74.998,35.782,0.0023067978125010003,-2.236524274335937,7.406205465610109,False,False,0.0,,False,0.9910953520685293,0.8572613051781706,0.5,0.6569354959485759,0.9549121270930699,1.0,0.1,0.955784615161983
mp-1212009,KZr6MnCl14,4,['Cl' 'K' 'Mn' 'Zr'],Orthorhombic,1.2413,True,,,,,,0.0,-2.045140536371866,3.229103497671395,True,False,0.006260099999999,,True,0.9700159335785313,0.921509011991576,0.5,0.5,1.0,1.0,0.1,0.9557303351933691
mp-1201774,Cs3AsSe4,3,['As' 'Cs' 'Se'],Orthorhombic,1.2415,True,,,,,,0.0,-1.070961562292565,4.154677532149963,True,False,0.0,,False,0.9701354954101914,0.9212604428688391,0.5,0.5,1.0,1.0,0.1,0.9557229402828736
mp-569282,LiCa10MgSb9,4,['Ca' 'Li' 'Mg' 'Sb'],Tetragonal,1.213099999999999,True,,,,,,0.0,-1.048838448015872,4.125624286067264,True,False,9.9e-06,,False,0.950921484103965,0.9529875981571082,0.5,0.5,1.0,1.0,0.1,0.9556785107495575
mp-542067,Rb4Ti3S14,3,['Rb' 'S' 'Ti'],Monoclinic,1.242899999999999,True,,,,,,0.0,-1.337950789285713,2.862230239415653,True,False,0.0,,False,0.9709660441807584,0.919510892506456,0.5,0.5,1.0,1.0,0.1,0.9556681449211579
mp-650532,Cs2K2Cd3O5,4,['Cd' 'Cs' 'K' 'O'],Triclinic,1.2436,True,,,,,,0.0,-1.384625765317528,4.876203997048263,True,False,0.0010165,,False,0.971377122896466,0.9186298614986345,0.5,0.5,1.0,1.0,0.1,0.9556387599489116
mp-568525,Sr2SnSe5,3,['Se' 'Sn' 'Sr'],Orthorhombic,1.2442,True,,,,,,0.0,-1.360317969570314,5.164375490520945,True,False,0.0,,False,0.9717272460111493,0.9178713865263244,0.5,0.5,1.0,1.0,0.1,0.955612519481736
mp-1228258,Ba5Li2(TeO5)3,4,['Ba' 'Li' 'O' 'Te'],Tetragonal,1.211199999999999,True,,,,,,0.0,-2.441261726666666,6.258367434397753,True,False,0.0,,True,0.9494788726539969,0.9548433341206155,0.5,0.5,1.0,1.0,0.1,0.9555962182815915
mp-1027692,MoSe2,2,['Mo' 'Se'],Trigonal,1.4014,True,2.859000227352211,24.71778746,8.173882299999999,,,0.003961538333335,-0.745975304375001,4.89725636146776,False,False,0.0,,True,0.988288000727223,0.6440866578831959,0.8729351026802867,0.5,0.923826711433999,1.0,0.1,0.9555819421248279
mp-559474,La5Ti2CuS5O7,5,['Cu' 'La' 'O' 'S' 'Ti'],Orthorhombic,1.2107,True,,,,,,0.0,-3.078613080958334,5.287116433555758,True,False,0.07604469999999901,,False,0.9490960428266194,0.9553259171475773,0.5,0.5,1.0,1.0,0.1,0.9555728982787914
mp-541735,K4Ti3S14,3,['K' 'S' 'Ti'],Monoclinic,1.2102,True,,,,,,0.0,-1.326334095190475,2.440805119309383,True,False,0.0,,False,0.9487118849927272,0.9558060890540317,0.5,0.5,1.0,1.0,0.1,0.9555488846062865
mp-29462,NaGa3Te5,3,['Ga' 'Na' 'Te'],Trigonal,1.2076,True,,,,,,0.0,-0.7033188919125141,5.092464285458583,True,False,0.0,,True,0.9466929242460735,0.9582639663286286,0.5,0.5,1.0,1.0,0.1,0.9554128260108126
mp-567424,K8NbAs5Pb,4,['As' 'K' 'Nb' 'Pb'],Monoclinic,1.2069,True,,,,,,0.0,-0.44796718553333303,3.177042514067846,True,False,0.0006506,,False,0.9461432623782675,0.9589144756000023,0.5,0.5,1.0,1.0,0.1,0.9553729869345672
mp-1195350,CsCdInTe3,4,['Cd' 'Cs' 'In' 'Te'],Monoclinic,1.2066,True,,,,,,0.0,-0.8478992314703061,4.809675124342979,True,False,0.0216172,,False,0.9459069039251281,0.9591918017973438,0.5,0.5,1.0,1.0,0.1,0.9553554962508836
mp-1210368,Na2PbO3,3,['Na' 'O' 'Pb'],Monoclinic,1.2504,True,,,,,,0.0,-1.6788427358764322,6.440079821109834,True,False,0.0,,True,0.9752240885323633,0.9098572539602868,0.5,0.5,1.0,1.0,0.1,0.9552846102271337
mp-541430,BaLaCuSe3,4,['Ba' 'Cu' 'La' 'Se'],Orthorhombic,1.205299999999999,True,,,,,,0.0,-1.856938119921875,5.630811347396751,True,False,0.0,,False,0.9448772243515597,0.9603833779371145,0.5,0.5,1.0,1.0,0.1,0.955276812778457
mp-9216,Ca3Tl2O6,3,['Ca' 'O' 'Tl'],Orthorhombic,1.204699999999999,True,,,,,,0.0,-2.315511137878787,6.644591948335474,True,False,0.0,,False,0.944399001317151,0.9609277494086288,0.5,0.5,1.0,1.0,0.1,0.955238912740582
mp-1209171,RbTlS2,3,['Rb' 'S' 'Tl'],Monoclinic,1.2046000000000001,True,,,,,,0.0,-0.879052397083335,4.662586476579058,True,False,0.0,,True,0.9443191144431471,0.9610181342524788,0.5,0.5,1.0,1.0,0.1,0.9552324987486586
mp-1224076,In2AgS3Cl,4,['Ag' 'Cl' 'In' 'S'],Trigonal,1.087999999999999,True,2.5830146224063,14.048498045659743,6.671964539564764,,,0.0,-0.8779580432142841,4.618462104718493,True,False,0.0005028,,True,0.8200007697539072,0.9943272621977459,0.6733839881529525,0.5,1.0,1.0,0.1,0.9551568799910816
mp-1195323,Cs2Sn3HgSe8,4,['Cs' 'Hg' 'Se' 'Sn'],Orthorhombic,1.203399999999999,True,,,,,,0.0,-0.869963365040025,4.554327601285408,True,False,0.0710127,,False,0.9433564000142401,0.9620950775385064,0.5,0.5,1.0,1.0,0.1,0.955153361634336
mp-21713,K2In3CuSe6,4,['Cu' 'In' 'K' 'Se'],Monoclinic,1.2031,True,,,,,,0.0,-0.9776056600885401,4.351386864837917,True,False,0.0889422,,False,0.9431145485447391,0.9623620959696161,0.5,0.5,1.0,1.0,0.1,0.9551329515316271
mp-1199790,Cs10P4PdSe16,4,['Cs' 'P' 'Pd' 'Se'],Tetragonal,1.2530999999999999,True,,,,,,0.0,-1.070277603794295,3.85012225735223,True,False,0.0,,True,0.9766774924800525,0.9062681408213523,0.5,0.5,1.0,1.0,0.1,0.955109594243216
mp-532604,Na2Zr12B2I5Cl23,5,['B' 'Cl' 'I' 'Na' 'Zr'],Monoclinic,1.2537,True,,,,,,0.0,-2.001510168206635,3.495256212582958,True,False,0.009396999999999,,True,0.9769947200027665,0.905462524638542,0.5,0.5,1.0,1.0,0.1,0.9550680586964729
mp-1195068,Ba3Ta2Se9,3,['Ba' 'Se' 'Ta'],Monoclinic,1.202,True,,,,,,0.0,-1.576411595947172,5.933794719184651,True,False,0.13156,,False,0.942223755720672,0.9633335558520046,0.5,0.5,1.0,1.0,0.1,0.9550559723079686
mp-29051,WS9Cl4,3,['Cl' 'S' 'W'],Tetragonal,1.255199999999999,True,,,,,,0.0,-0.843306107589284,2.161416023757217,True,False,0.0434561,,False,0.9777786146112593,0.903435805649053,0.5,0.5,1.0,1.0,0.1,0.9549600245001727
mp-1194701,Cs2ZnSn3Se8,4,['Cs' 'Se' 'Sn' 'Zn'],Orthorhombic,1.2553,True,,,,,,0.0,-0.9416736934328811,4.250306888928319,True,False,0.0217334,,False,0.9778304076939478,0.9033000495246336,0.5,0.5,1.0,1.0,0.1,0.954952609352182
mp-18361,K7NbAs4,3,['As' 'K' 'Nb'],Orthorhombic,1.1294,True,2.470216034412105,12.985810163333333,6.101967256666668,,,0.0,-0.447438780479166,2.824166377028373,True,False,0.0,,False,0.8705752098994983,0.999509231577349,0.582456675130322,0.5,1.0,1.0,0.1,0.9549386884810253
mp-650840,In2Bi4Pb4S13,4,['Bi' 'In' 'Pb' 'S'],Orthorhombic,1.200399999999999,True,,,,,,0.0,-0.740109845362318,6.439876046022363,True,False,0.063773299999999,,False,0.9409168563457136,0.9647251855641472,0.5,0.5,1.0,1.0,0.1,0.9549379919210504
mp-1214132,Ca4SiP4,3,['Ca' 'P' 'Si'],Cubic,1.1988,True,,,,,,0.0,-1.03985461970238,2.480221769915372,True,False,0.0,,True,0.9395967360207268,0.9660913452993349,0.5,0.5,1.0,1.0,0.1,0.954812885800082
mp-1204243,Rb4Te8O23,3,['O' 'Rb' 'Te'],Orthorhombic,1.198599999999999,True,,,,,,0.0,-1.639239081809524,5.127154942133546,True,False,0.1612655,,False,0.9394307944023769,0.9662603187166363,0.5,0.5,1.0,1.0,0.1,0.9547967464080896
mp-1222404,LiBiS2,3,['Bi' 'Li' 'S'],Trigonal,1.4793,True,3.081924233332156,126.72670788666665,9.49825698,,,0.0,-0.9862570745833321,5.445330661763359,True,False,0.0,,True,0.9411629088661179,0.4881157433662823,0.9752020154812756,0.5,1.0,1.0,0.1,0.9547883910436631
mp-1178146,K2TlPCO7,5,['C' 'K' 'O' 'P' 'Tl'],Monoclinic,1.2579,True,,,,,,0.0,-2.131631461456349,3.596421052119408,True,False,0.0037524,,True,0.979156510751588,0.8997424509499162,0.5,0.5,1.0,1.0,0.1,0.9547504953303844
mp-568804,Hg9Bi2(AsBr3)4,4,['As' 'Bi' 'Br' 'Hg'],Tetragonal,1.1979,True,,,,,,0.0,-0.660455434259261,6.276933992880889,True,False,0.2092794,,False,0.9388483811360662,0.9668485744741695,0.5,0.5,1.0,1.0,0.1,0.9547393814551419
mp-1197050,Y2ZrS5,3,['S' 'Y' 'Zr'],Orthorhombic,1.2023,True,,,,,,8.927656250090625e-05,-2.167041131249999,4.369810181942889,False,False,0.0,,False,0.9424673225928899,0.9630697991276336,0.5,0.5,0.998216061862579,1.0,0.1,0.9546313159830122
mp-1199023,Dy2ZrS5,3,['Dy' 'S' 'Zr'],Orthorhombic,1.1966,True,,,,,,0.0,-2.178785511666667,5.899146136650949,True,False,0.0,,False,0.9377600949519727,0.9679280184696494,0.5,0.5,1.0,1.0,0.1,0.9546292265084405
mp-561076,La3GaS5O,4,['Ga' 'La' 'O' 'S'],Orthorhombic,1.196499999999999,True,,,,,,0.0,-2.394744360999999,4.990060196658525,True,False,0.048176199999999,,False,0.937676022667318,0.9680103496263105,0.5,0.5,1.0,1.0,0.1,0.9546205581107761
mp-866660,K3P2AuSe8,4,['Au' 'K' 'P' 'Se'],Monoclinic,1.195799999999999,True,,,,,,0.0,-0.8266830439132631,3.963356570157007,True,False,1e-07,,False,0.9370860877783166,0.9685838504641889,0.5,0.5,1.0,1.0,0.1,0.9545590995142075
mp-1195299,K3Np(HO3)2,4,['H' 'K' 'Np' 'O'],Orthorhombic,1.1955,True,,,,,,0.0,-2.3205405875416663,3.923641516851296,True,False,0.0003454,,False,0.9368324938918053,0.9688281258229039,0.5,0.5,1.0,1.0,0.1,0.9545323423463868
mp-1212285,Ho7C2I12N,4,['C' 'Ho' 'I' 'N'],Triclinic,1.261299999999999,True,,,,,,0.0,-1.536699949090907,5.713430220811617,True,False,0.0005496,,True,0.9808308295297488,0.8950098993877657,0.5,0.5,1.0,1.0,0.1,0.954459192290602
mp-560950,K2NaTlO3,4,['K' 'Na' 'O' 'Tl'],Monoclinic,1.261899999999999,True,,,,,,0.0,-1.4304665845303781,4.247523147988233,True,False,0.0039742,,False,0.9811192361873318,0.894165408705059,0.5,0.5,1.0,1.0,0.1,0.9544046203525918
mp-554001,Nd3S3N,3,['N' 'Nd' 'S'],Orthorhombic,1.1935,True,,,,,,0.0,-2.2185709581696402,5.545746110943608,True,False,0.0,,False,0.9351301783060261,0.9704334030551547,0.5,0.5,1.0,1.0,0.1,0.9543475550347796
mp-1220713,Nb4P2S21,3,['Nb' 'P' 'S'],Monoclinic,1.192399999999999,True,,,,,,0.0,-0.9377315595105811,2.753012968051018,True,False,0.0,,True,0.9341852686361292,0.971299038107482,0.5,0.5,1.0,1.0,0.1,0.9542411728751545
mp-1192595,Ba2SnSe4,3,['Ba' 'Se' 'Sn'],Monoclinic,1.264599999999999,True,,,,,,0.0,-1.633364205625,5.044381488223019,True,False,0.0,,False,0.9823907621327214,0.8903309779954848,0.5,0.5,1.0,1.0,0.1,0.954147337232503
mp-571056,CsSn,2,['Cs' 'Sn'],Cubic,1.2659999999999991,True,,,,,,0.0,-0.40744401109375106,4.2244509756296384,True,False,0.0,,False,0.9830330871916106,0.888320904595892,0.5,0.5,1.0,1.0,0.1,0.9540064074872864
mp-677002,SrZr12B2I5Cl23,5,['B' 'Cl' 'I' 'Sr' 'Zr'],Monoclinic,1.1898,True,,,,,,0.0,-2.041970903217054,3.5255735313561383,True,False,0.0001702,,True,0.93192762303484,0.9732961366498245,0.5,0.5,1.0,1.0,0.1,0.9539763262561836
mp-556798,AgHg2PO4,4,['Ag' 'Hg' 'O' 'P'],Orthorhombic,1.1892,True,,,,,,0.0,-1.5083162942261912,7.613776461170054,True,False,0.002804499999999,,False,0.9314018147730654,0.9737472016818017,0.5,0.5,1.0,1.0,0.1,0.9539125339455365
mp-1203208,Cs3Hf2CuTe10,4,['Cs' 'Cu' 'Hf' 'Te'],Triclinic,1.189,True,,,,,,0.0,-0.9878017191020111,5.38063803987791,True,False,0.0013227,,False,0.9312261456740666,0.9738967374550572,0.5,0.5,1.0,1.0,0.1,0.9538910470367752
mp-31285,Cs2PdSe8,3,['Cs' 'Pd' 'Se'],Tetragonal,1.1887,True,,,,,,0.0,-0.5860474318181801,4.372583628733966,True,False,0.0,,False,0.9309622677583106,0.9741202724059576,0.5,0.5,1.0,1.0,0.1,0.9538586078004713
mp-1190252,CsEr2Ag3Te5,4,['Ag' 'Cs' 'Er' 'Te'],Orthorhombic,1.1873,True,,,,,,0.0,-1.0472599520898611,6.878686778175768,True,False,0.0,,False,0.9297249109668551,0.9751512203437741,0.5,0.5,1.0,1.0,0.1,0.9537039107932799
mp-1213394,CsTlS2,3,['Cs' 'S' 'Tl'],Monoclinic,1.2690000000000001,True,,,,,,0.0,-0.8947866188721281,4.939419509376841,True,False,0.0,,True,0.9843703064798265,0.8839640462019257,0.5,0.5,1.0,1.0,0.1,0.9536871835502454
mp-769211,Tb2Pb2O7,3,['O' 'Pb' 'Tb'],Cubic,1.1856,True,,,,,,0.0,-2.550893196212119,9.179543530576344,True,False,0.0,,True,0.9282093304757878,0.9763759661197523,0.5,0.5,1.0,1.0,0.1,0.9535087275369097
mp-1204552,Cs3Ge9(H3N)2,4,['Cs' 'Ge' 'H' 'N'],Monoclinic,1.1855,True,,,,,,0.0,-0.235723009698275,3.11805722863275,True,False,0.0,,False,0.9281197335933744,0.9764470814257024,0.5,0.5,1.0,1.0,0.1,0.9534969956121989
mp-561096,Yb2PrDyS6,4,['Dy' 'Pr' 'S' 'Yb'],Monoclinic,1.271199999999999,True,,,,,,0.0,-2.405467888854167,6.046102455909144,True,False,0.0,,False,0.9853168641979186,0.8807266267559613,0.5,0.5,1.0,1.0,0.1,0.9534382100628738
mp-570679,TaI5,2,['I' 'Ta'],Orthorhombic,1.1846,True,,,,,,0.0,-0.7686997330972211,5.348869232978805,True,False,0.0,,False,0.9273111426669107,0.9770824668888863,0.5,0.5,1.0,1.0,0.1,0.9533901557000606
mp-1205397,Ba2YInSe5,4,['Ba' 'In' 'Se' 'Y'],Orthorhombic,1.176799999999999,True,2.6330254391732213,15.662189686666666,6.932822963333334,,,0.006603826944444001,-1.878695495376157,5.183298715022055,False,False,0.0046286,,False,0.9201376505205433,0.9822361159826014,0.7129369306077034,0.5,0.8762739234801555,1.0,0.1,0.9533788504887203
mp-5737,TbCuS2,3,['Cu' 'S' 'Tb'],Monoclinic,1.1832,True,,,,,,0.0,-1.60526750890625,6.396229210596204,True,False,0.0,,False,0.9260454161687905,0.9780541697172732,0.5,0.5,1.0,1.0,0.1,0.9532194794997886
mp-769222,Dy2Pb2O7,3,['Dy' 'O' 'Pb'],Cubic,1.1816,True,,,,,,0.0,-2.5488151693939383,9.339968751413714,True,False,0.0,,True,0.9245871180336794,0.9791397598388712,0.5,0.5,1.0,1.0,0.1,0.9530177434842505
mp-35785,Y2CdS4,3,['Cd' 'S' 'Y'],Cubic,1.1109,True,2.47858619512549,14.66534608333331,6.143389526666656,61.871,22.805,0.0,-1.9366310149999992,3.8995312080374793,True,False,0.0,,False,0.8487239597812462,0.9995400502537749,0.58921782571271,0.5248403278181755,1.0,1.0,0.1,0.9529787041221017
mp-1199662,Cs2TlBr5,3,['Br' 'Cs' 'Tl'],Orthorhombic,1.276,True,,,,,,0.0,-1.53004701376796,4.18805109535332,True,False,0.040716999999999004,,False,0.9872815715902905,0.8735411859788502,0.5,0.5,1.0,1.0,0.1,0.9528515707944001
mp-1201790,CsP7,2,['Cs' 'P'],Orthorhombic,1.2774,True,,,,,,0.0,-0.246341467291665,2.643944226993856,True,False,0.0,,False,0.987828553636612,0.8714144738504622,0.5,0.5,1.0,1.0,0.1,0.9526693094867222
mp-1079647,BaAgSeF,4,['Ag' 'Ba' 'F' 'Se'],Tetragonal,1.269299999999999,True,2.35805310160734,16.462630326666666,5.560414429999999,,,0.0,-2.263063682252604,6.142612558392519,True,False,1.69e-05,,False,0.9845010826089308,0.8835246779722932,0.49303619782905644,0.5,1.0,1.0,0.1,0.952609402022435
mp-1224365,KIn7S8,3,['In' 'K' 'S'],Monoclinic,1.1777,True,,,,,,0.0,-0.8538009975364571,4.45697422184681,True,False,0.0,,True,0.9209803934788582,0.9816739467425003,0.5,0.5,1.0,1.0,0.1,0.9524961903810896
mp-21228,SrCuSeF,4,['Cu' 'F' 'Se' 'Sr'],Tetragonal,1.1989,True,,,,,,0.00047716156249800004,-2.225306626953122,5.546135948056412,False,False,0.0003915,,False,0.9396796297266184,0.9660067086707471,0.5,0.5,0.9905021608707896,1.0,0.1,0.952446453949964
mp-1214215,Ca11AlSb9,3,['Al' 'Ca' 'Sb'],Orthorhombic,1.176599999999999,True,,,,,,0.0,-1.060504777142854,4.156311906099654,True,False,0.0,,True,0.9199498465910215,0.982359885530533,0.5,0.5,1.0,1.0,0.1,0.9523414444773353
mp-1190472,CsHo2Ag3Te5,4,['Ag' 'Cs' 'Ho' 'Te'],Orthorhombic,1.1763,True,,,,,,0.0,-1.053497077089862,6.623428721833469,True,False,0.0003587,,False,0.919667781471605,0.9825447503078087,0.5,0.5,1.0,1.0,0.1,0.9522986579140725
mp-13949,Cd(GaTe2)2,3,['Cd' 'Ga' 'Te'],Tetragonal,1.0357,True,3.165273870194068,13.200306380013282,10.018958673333335,25.359,15.703,0.0,-0.46911883428571505,5.496361772578052,True,False,0.0,,False,0.7487349115685096,0.9612886989374636,0.9936394106726715,0.21853762842421467,1.0,1.0,0.1,0.9522767071760692
mp-646878,In4SnS4,3,['In' 'S' 'Sn'],Cubic,1.176,True,,,,,,0.0,-0.642703380833334,4.767076381351161,True,False,0.0,,False,0.9193852856815897,0.9827286671445884,0.5,0.5,1.0,1.0,0.1,0.9522556214920856
mp-1202948,Ba3(AlP2)2,3,['Al' 'Ba' 'P'],Orthorhombic,1.2821999999999991,True,,,,,,0.0,-0.963656650396823,3.934399208889846,True,False,0.0,,False,0.9896141839433067,0.8640192570084627,0.5,0.5,1.0,1.0,0.1,0.952006434537096
mp-767467,Li7Y7Zr9S32,4,['Li' 'S' 'Y' 'Zr'],Triclinic,1.214999999999999,True,,,,,,0.0007792334545460001,-1.9697014529696961,3.256252795908606,False,False,2e-07,,True,0.9523447998951756,0.9510973184771097,0.5,0.5,0.9845361434423918,1.0,0.1,0.9518848336059582
mp-17688,CsGaTe2,3,['Cs' 'Ga' 'Te'],Monoclinic,1.2835,True,,,,,,0.0,-0.8982057531250011,4.714556621100473,True,False,0.0,,False,0.9900738118089373,0.8619892322377526,0.5,0.5,1.0,1.0,0.1,0.9518168377878972
mp-17153,Ba(TbTe2)2,3,['Ba' 'Tb' 'Te'],Orthorhombic,1.2848,True,,,,,,0.0,-1.786948157142854,6.315744283024655,True,False,0.0,,False,0.9905231906929968,0.8599478289764794,0.5,0.5,1.0,1.0,0.1,0.951622972019721
mp-1222411,LiCa2CuN2,4,['Ca' 'Cu' 'Li' 'N'],Tetragonal,1.039699999999999,True,2.732633112951681,15.337267156666664,7.467283729999998,,,0.0,-0.7586214130555551,3.182059469234032,True,False,0.0004988,,True,0.7544149119292594,0.9648113179296747,0.7882597970011875,0.5,1.0,1.0,0.1,0.9515643952219441
mp-1197848,Cs5As5Se9,3,['As' 'Cs' 'Se'],Orthorhombic,1.2854,True,,,,,,0.0,-0.8669946240457691,4.022063069321195,True,False,0.0027309,,False,0.9907271356477442,0.8590018337742489,0.5,0.5,1.0,1.0,0.1,0.9515320589780734
mp-567391,Dy3Se3N,3,['Dy' 'N' 'Se'],Orthorhombic,1.170999999999999,True,,,,,,0.0,-2.152805241919643,7.567030726028321,True,False,0.0,,False,0.9146140325942814,0.9856539001953459,0.5,0.5,1.0,1.0,0.1,0.9515015931778722
mp-1178175,Ho2Pb2O7,3,['Ho' 'O' 'Pb'],Cubic,1.1706,True,,,,,,0.0,-2.546348146818181,9.472274235404445,True,False,0.0,,True,0.9142272326724461,0.9858764640666321,0.5,0.5,1.0,1.0,0.1,0.9514382777781063
mp-1232083,Dy2MgSe4,3,['Dy' 'Mg' 'Se'],Cubic,1.287399999999999,True,,,,,,0.0,-1.953513270386902,5.634390779810993,True,False,0.0,,True,0.9913911452470041,0.8558313014569278,0.5,0.5,1.0,1.0,0.1,0.9512224815302901
mp-568031,GaHg2SbCl4,4,['Cl' 'Ga' 'Hg' 'Sb'],Orthorhombic,1.1891,True,,,,,,0.0005767129687500001,-1.081775489843751,4.815646276086195,False,False,0.0002799,,False,0.9313140051851801,0.9738220207993953,0.5,0.5,0.9885320051791191,1.0,0.1,0.9510348057109841
mp-573316,CsPt2Se3,3,['Cs' 'Pt' 'Se'],Trigonal,1.0495,True,3.020439485130157,11.986101673333332,9.123054683333331,22.171,10.872,0.0,-0.7859265695312461,7.2947816889734,True,False,0.0,,False,0.7681889624436745,0.9727652403079085,0.9542374937146109,0.19891572006056737,1.0,1.0,0.1,0.9509892227203531
mp-5081,SmCuS2,3,['Cu' 'S' 'Sm'],Monoclinic,1.1678,True,,,,,,0.0,-1.631051361874998,5.970398891720823,True,False,0.0,,False,0.9114986873164518,0.9873866678220445,0.5,0.5,1.0,1.0,0.1,0.9509826720024196
mp-550117,Sm4Se3O4,3,['O' 'Se' 'Sm'],Orthorhombic,1.289099999999999,True,,,,,,0.0,-3.165801031548299,7.086341740300261,True,False,0.0,,False,0.9919364053622195,0.8531157394238231,0.5,0.5,1.0,1.0,0.1,0.9509514622541283
mp-1223690,KAgSnSe3,4,['Ag' 'K' 'Se' 'Sn'],Tetragonal,1.2891,True,,,,,,0.0,-0.8178427564079821,4.747142166946491,True,False,0.0,,True,0.9919364053622197,0.8531157394238217,0.5,0.5,1.0,1.0,0.1,0.9509514622541282
mp-29313,Ta4P4S29,3,['P' 'S' 'Ta'],Tetragonal,1.1671,True,,,,,,0.0,-0.8323654068352611,3.300290310376228,True,False,0.0034159,,False,0.9108108509191931,0.9877511356075794,0.5,0.5,1.0,1.0,0.1,0.9508653830709352
mp-556716,ZnS,2,['S' 'Zn'],Trigonal,1.213299999999999,True,,,,,,0.0009737121428560001,-0.9617246374776781,4.138551334485021,False,False,0.0,,False,0.9510722171044702,0.9527902442745753,0.5,0.5,0.9807141552579726,1.0,0.1,0.9508651297317969
mp-570971,Sr3Ga3N5,3,['Ga' 'N' 'Sr'],Triclinic,1.361899999999999,True,2.514468004701326,18.70011848666667,6.322549346666668,,,0.0,-0.776397881704547,5.309913093099539,True,False,0.0,,False,0.998502341361698,0.7224646971812432,0.6182295860216159,0.5,1.0,1.0,0.1,0.9507297278208534
mp-27869,Ba2PCl,3,['Ba' 'Cl' 'P'],Trigonal,1.2602,True,2.3332276885607772,17.003209933854105,5.443951446666666,,,0.0,-1.8174280386607151,3.939701514522754,True,False,0.0,,False,0.9802965755381631,0.8965508901145954,0.4737451538305655,0.5,1.0,1.0,0.1,0.9506185504763149
mp-29363,Rb3GaP2,3,['Ga' 'P' 'Rb'],Orthorhombic,1.1643,True,,,,,,0.0,-0.399427311547619,2.973063926688732,True,False,0.0685617,,False,0.9080368829198769,0.98915649704125,0.5,0.5,1.0,1.0,0.1,0.9503826952861567
mp-1111634,Rb2InAgCl6,4,['Ag' 'Cl' 'In' 'Rb'],Cubic,1.293,True,,,,,,0.0,-1.710742968333332,3.4145040035012793,True,False,0.00023989999999900002,,True,0.9931206468359455,0.8468156807635107,0.5,0.5,1.0,1.0,0.1,0.9503025138235129
mp-13206,PrZnPO,4,['O' 'P' 'Pr' 'Zn'],Trigonal,1.1635,True,,,,,,0.0,-1.97574612407738,5.72801124434976,True,False,0.0,,False,0.9072377083327101,0.9895425632085508,0.5,0.5,1.0,1.0,0.1,0.95024081156446
mp-17872,Ba(YTe2)2,3,['Ba' 'Te' 'Y'],Orthorhombic,1.293499999999999,True,,,,,,0.0,-1.787762902023809,5.427248325634622,True,False,0.0,,False,0.9932657461542376,0.8460010127926311,0.5,0.5,1.0,1.0,0.1,0.950216588457454
mp-1210225,Na5AgGe2Se7,4,['Ag' 'Ge' 'Na' 'Se'],Monoclinic,1.1633,True,,,,,,0.0,-0.9514180099979641,3.775613549106419,True,False,0.0021511,,True,0.9070374577120711,0.9896380036935919,0.5,0.5,1.0,1.0,0.1,0.9502050649820565
mp-17927,Ba(DyTe2)2,3,['Ba' 'Dy' 'Te'],Orthorhombic,1.2938,True,,,,,,0.0,-1.778846113928569,6.421693048545647,True,False,0.0,,False,0.9933520709065156,0.8455114609045354,0.5,0.5,1.0,1.0,0.1,0.9501647368623092
mp-1105110,Sr2Bi2Se3O2,4,['Bi' 'O' 'Se' 'Sr'],Monoclinic,1.232899999999999,True,,,,,,0.001183198888889,-1.8303532207812498,6.224827970153949,False,False,0.0010103,,False,0.964789794167271,0.9316357294857278,0.5,0.5,0.9766138185744634,1.0,0.1,0.9500962626082927
mp-1218223,SrLaCuS3,4,['Cu' 'La' 'S' 'Sr'],Orthorhombic,1.1616,True,,,,,,0.0,-1.9670567658333322,4.73874901854795,True,False,0.0003477,,True,0.9053279728448792,0.9904318466552284,0.5,0.5,1.0,1.0,0.1,0.949896770209504
mp-9996,SiP2,2,['P' 'Si'],Orthorhombic,1.4262000000000001,True,2.714192569930635,7.964984113333332,7.366841306666667,,,0.0,-0.14239073156745902,2.27561472762978,True,False,0.0,,False,0.9770473875439337,0.5939974680193746,0.7747686909735015,0.5,1.0,1.0,0.1,0.9495767707349148
mp-39938,K2Re3CS5N,5,['C' 'K' 'N' 'Re' 'S'],Orthorhombic,1.2982,True,,,,,,0.0,-0.8934479072499991,5.069657324505488,True,False,0.0,,True,0.994554754389082,0.8382675142731766,0.5,0.5,1.0,1.0,0.1,0.949378815738247
mp-1212432,K4Te8O23,3,['K' 'O' 'Te'],Orthorhombic,1.2989,True,,,,,,0.0,-1.629714921780952,4.658524419497223,True,False,0.226177,,True,0.9947351270320547,0.8371042014940513,0.5,0.5,1.0,1.0,0.1,0.9492494119821213
mp-1189263,Pd(NO3)2,3,['N' 'O' 'Pd'],Monoclinic,1.3005,True,,,,,,0.0,-0.755867288333332,3.183076940340627,True,False,0.0201409,,False,0.9951360860760693,0.8344341997585963,0.5,0.5,1.0,1.0,0.1,0.9489491514828068
mp-540618,K3IO5,3,['I' 'K' 'O'],Tetragonal,1.2925,True,,,,,,0.000291546666666,-1.508949936861111,3.199148646835452,False,False,0.0019242999999990002,,False,0.9929740171910943,0.847628778702136,0.5,0.5,0.9941860335648136,1.0,0.1,0.9489343294942973
mp-30295,W6CCl18,3,['C' 'Cl' 'W'],Hexagonal,1.1557,True,,,,,,0.0,-0.901346643199999,4.547022843658735,True,False,0.0,,False,0.8992939880302279,0.992944507683016,0.5,0.5,1.0,1.0,0.1,0.9487651731600093
mp-1212594,In3Te3Br,3,['Br' 'In' 'Te'],Orthorhombic,1.304199999999999,True,,,,,,0.0,-0.69562206892857,5.251808801401379,True,False,0.0,,True,0.9960028848161262,0.8282021598413073,0.5,0.5,1.0,1.0,0.1,0.9482310451802276
mp-569984,Cs3Au2Br11,3,['Au' 'Br' 'Cs'],Monoclinic,1.1515,True,,,,,,0.0,-1.199117871185345,4.336914902603061,True,False,0.1099289,,False,0.8949044902107859,0.9945026659478989,0.5,0.5,1.0,1.0,0.1,0.9479015224448812
mp-1181462,DyAgSe2,3,['Ag' 'Dy' 'Se'],Orthorhombic,1.306,True,,,,,,0.0,-1.436800769505207,7.182270842213075,True,False,0.0,,False,0.9963940172279344,0.8251418236230211,0.5,0.5,1.0,1.0,0.1,0.9478697778504367
mp-1223884,In4AsP3,3,['As' 'In' 'P'],Orthorhombic,1.2212,True,,,,,,0.0016889662500000002,-0.36414368455357105,4.786803125546355,False,False,4.3e-05,,True,0.9568539610093969,0.9446914725321528,0.5,0.5,0.9667848263408103,1.0,0.1,0.9476134177173747
mp-558940,Pr3S3N,3,['N' 'Pr' 'S'],Orthorhombic,1.1501000000000001,True,,,,,,0.0,-2.191269211026782,5.336090683209433,True,False,0.0,,False,0.8934242014743269,0.9949792573861942,0.5,0.5,1.0,1.0,0.1,0.9476029389765108
mp-558739,RbSb2Au3S5,4,['Au' 'Rb' 'S' 'Sb'],Orthorhombic,1.1498,True,,,,,,0.0,-0.6074913829545441,5.8793116895723365,True,False,0.0283699,,False,0.8931058920611858,0.9950785944405488,0.5,0.5,1.0,1.0,0.1,0.9475382621813787
mp-1196120,Sr4SiAs4,3,['As' 'Si' 'Sr'],Cubic,1.149499999999999,True,,,,,,0.0,-1.206752120694444,4.31798223041934,True,False,0.0,,False,0.892787193862469,0.995176946235104,0.5,0.5,1.0,1.0,0.1,0.9474733404008828
